,ZFP36,GADD45B,PNRC1,RP1.63G5.5,KIF21B,ELFN2,CSPG5,CP,ATF3,RGS1,CD40,ARPP21,SPHKAP,MBOAT1,RP11.838N2.4,JUNB,OLFML2B,TNFRSF1A,CEBPD,TNFAIP3,FCGR2A,SGK1,PRDM1,STX11,ARMCX4,C1orf85,PNRC1,FPR3,TRAM2,LCP2,FCGR2A,GBP2,CCRL2,OLFML2B,CAP1,KYNU,HMOX1,PLAUR,SERPINA5,SERPINE1,FCGR2A,CTD.2245E15.3,SPIRE2,CXCL1
CGGA_1001,175838.1098,54938.0879,20669.71174,38.81635963,2988.859808,1002.755959,5544.270035,20378.58889,14226.19585,30399.67911,2219.00189,1843.777088,25.87757344,394.6329931,19.40817981,128624.4776,26828.57402,26446.88002,39178.6458,8041.455887,45699.79426,36836.72536,5725.413071,1772.613765,284.6532898,5240.20855,20669.71174,9057.150617,4787.350879,12951.72537,45699.79426,19298.20023,1507.368639,26828.57402,40414.29989,1352.103199,47375.3671,14006.23648,815.1435553,53476.005,45699.79426,6.469393094,582.2453944,265.2451253
CGGA_1004,78685.1688,17579.24193,54844.82797,30.10144068,29710.12266,7314.650362,15381.83771,10866.62048,18542.48808,22365.37126,5267.752299,3672.375907,1294.361997,3642.274455,30.10144068,46296.01656,10294.69312,50570.42227,28445.86247,14388.4892,36272.23728,34466.15036,5237.650895,1685.68075,2378.01385,11227.83787,54844.82797,11679.35941,10083.98377,32058.03559,36272.23728,37867.61365,2648.926876,10294.69312,118720.0869,3461.665806,33021.28174,8217.693558,84946.26872,3702.477336,36272.23728,90.30432445,5267.752299,60.20288377
CGGA_1006,51254.9173,14654.12118,19945.24985,0,10352.20354,2668.568399,18288.89689,7177.528815,31125.62955,9362.994315,7453.587675,5176.102499,4301.916298,4071.867289,92.01959917,100899.4923,16632.54261,66645.19403,41638.86898,7637.626893,12767.71936,36508.77619,6855.460051,2047.436087,1265.269542,10398.21483,19945.24985,5383.146599,22521.79561,11824.51861,12767.71936,25167.36061,2346.4998,16632.54261,198670.3178,2783.5929,23810.07145,15620.32724,1334.2842,131150.9349,12767.71936,46.00980124,6901.47002,1104.2352
CGGA_1007,38796.24312,15449.49206,29212.19207,76.67241605,61261.26091,6900.51754,45811.77075,10772.4746,7322.215682,19014.75945,4868.698572,3258.577714,728.387962,1955.146622,76.67241605,38029.51839,10350.77642,58616.06238,37569.48425,11079.16423,14759.44022,77362.46854,9814.069395,1878.474212,1878.474117,17826.33692,29212.19207,996.7414214,19513.12867,21353.26809,14759.44022,23921.79405,1955.146622,10350.77642,169484.3779,881.7327973,24496.83736,9737.396826,75100.63253,50143.76077,14759.44022,76.67241605,8012.267528,575.0431268
CGGA_1008,95610.28813,28174.13428,27386.47065,30.29476878,11875.55002,1726.801779,198461.0244,2908.297721,18388.92428,21721.34871,4120.088334,5089.521045,0,2726.529135,0,81977.64177,6149.838022,56015.02515,61922.50596,18782.75609,12057.31773,33203.06692,8421.945474,817.9587434,2150.928432,9664.03098,27386.47065,1363.264562,22569.6035,7361.628773,12057.31773,30688.60005,817.9587434,6149.838022,107425.247,454.4215207,38474.35539,5725.711176,272.6529135,12511.73922,12057.31773,121.1790724,4816.86825,363.5372171
CGGA_1011,136190.9122,39191.47629,18222.65223,10.64407269,6237.427028,957.9665534,8994.241059,25865.09705,40319.74801,84215.90447,1032.475044,3895.730664,255.4577491,1436.949836,10.64407269,67664.37137,7865.969806,28472.89484,13911.80325,12379.05668,20660.14541,85791.22716,6822.850688,1926.577194,628.0003095,7227.325422,18222.65223,4044.747687,11123.05606,14561.09171,20660.14541,32177.03225,1341.153184,7865.969806,76264.78235,1245.356525,24747.4694,5662.646744,5981.968948,133966.301,20660.14541,31.93221806,872.8139183,383.1866225
CGGA_1015,87384.28789,10593.53499,16026.43454,0,4950.249624,903.4206242,346.5174528,3997.326859,17858.02678,34057.7199,2450.3737,160.8831284,12.3756251,3205.286866,309.3906245,55195.28759,95292.31226,61073.70967,12041.4831,17709.51937,24800.75243,25073.01634,5086.381891,1460.323743,594.0300384,11991.98057,16026.43454,8390.673725,40530.17154,28501.0643,24800.75243,29528.24121,1101.43062,95292.31226,75243.7993,1695.460619,27114.99428,18068.41248,952.9231226,112642.9384,24800.75243,12.3756251,2574.129992,148.5074992
CGGA_1027,13668.67135,51776.92732,33679.60681,574.0842003,44095.13393,24658.28327,23400.76474,3444.505202,73318.75365,7080.371807,1995.625984,26763.25867,3608.529259,519.4095052,82.01202762,49890.6496,6670.311669,40213.23183,11563.69595,16402.40575,13887.37017,24931.65607,2405.686168,683.4335789,2296.336755,4346.637446,33679.60681,4920.721715,8884.635788,6096.227365,13887.37017,48086.38612,683.4335789,6670.311669,70721.70613,1421.54183,235593.2208,6533.625018,902.1323154,55276.10728,13887.37017,82.01202762,8638.600415,2077.638058
CGGA_1034,204914.3167,81905.27993,13751.62515,75.55837669,14099.19238,3400.126943,39471.69516,34303.50287,18768.70065,102562.9401,1919.182778,8855.441716,3944.147246,967.1472236,45.33502508,95309.33613,3898.812201,31114.93942,28334.39114,10049.26411,9867.924023,56034.0912,1949.406178,1737.842659,1737.84269,2735.213174,13751.62515,2191.192915,11394.20369,19705.62449,9867.924023,23166.19817,1314.715746,3898.812201,70647.082,967.1472173,25312.05614,6150.451911,1027.593919,25599.17791,9867.924023,15.11167503,2312.086354,1057.817269
CGGA_1035,16219.77846,13254.25268,15124.18122,0,4481.238412,659.0057275,1260.348698,47118.90941,13015.36309,5585.073533,2314.757656,518.9670113,724.9062991,873.1825881,214.1768606,32793.77262,15626.67329,34325.96086,21261.1722,19407.71864,35470.98324,8459.985706,3253.840721,1507.475597,420.1161274,5642.73651,15124.18122,6169.94111,7660.941209,11145.43435,35470.98324,10165.16331,1285.061164,15626.67329,54367.97191,3006.713625,277433.1731,23337.04027,403.6410071,191737.716,35470.98324,41.18785757,2528.934464,9489.682455
CGGA_1171,61865.58989,19621.90101,25829.21452,18.8672119,15829.59096,452.8131067,10810.9136,44696.42651,6509.188317,12056.14881,6943.134317,3622.504812,849.0245651,3490.434328,301.875401,36583.52615,14886.23078,55752.61244,32017.65973,14037.20603,38168.37107,61148.63487,4452.662261,1339.572087,1660.314774,13546.65869,25829.21452,11244.85868,11131.6546,26904.64506,38168.37107,31564.84669,4150.786766,14886.23078,120146.4095,3414.96547,162258.0278,7150.673479,1037.69669,14640.95694,38168.37107,37.73442591,2075.393309,698.0868635
CGGA_1307,38554.08809,12379.01732,31682.79673,481.2576894,34917.91765,9197.369163,76225.87032,68204.9092,17004.43828,55986.3112,2727.127032,14116.89223,882.3057653,2085.449979,26.73653976,27912.94524,13929.73653,52510.55984,27645.58055,12833.53844,19009.67862,60290.89491,3529.223166,1550.719213,2245.869235,7593.176894,31682.79673,4678.894204,22538.90208,14143.62876,19009.67862,68472.27454,1363.563458,13929.73653,156168.1199,2406.288447,22458.69205,4652.157638,588.2038426,18662.10372,19009.67862,26.73653976,6363.296019,320.8384596
CGGA_1314,56893.29581,24680.2302,38930.38009,85.84427884,20624.08684,6738.775877,66722.46578,23349.64381,10387.1578,67902.82446,4420.980484,1867.113065,214.6106957,2425.100877,64.38320983,112799.3823,25495.75085,58180.959,49575.07098,7683.063064,14314.53337,44810.71212,1545.197114,922.8259899,1759.807693,10344.23558,38930.38009,6481.243043,17877.07098,12211.3487,14314.53337,43909.3487,1287.664169,25495.75085,94235.5574,1824.190922,24980.68523,3884.45362,3004.549754,31397.54494,14314.53337,150.2274887,12747.87528,214.6106957
CGGA_1338,30582.76451,10125.46764,19480.51963,110.059432,14610.39019,2118.644061,18421.1982,46871.56049,13042.04261,35191.5033,3081.664089,6424.719329,2641.426362,1018.049741,316.4208668,49512.987,46211.20384,38617.1039,48384.87776,13110.82987,26661.89732,32536.31954,6259.630226,1210.653746,1692.163677,9066.145656,19480.51963,12533.01779,15738.49906,15380.80565,26661.89732,38438.25655,2503.852072,46211.20384,93825.66595,3797.050396,107418.0053,34063.39409,1375.742897,61234.31633,26661.89732,41.2722877,2613.911517,14720.44899
CGGA_1340,39755.28947,14938.72077,36300.07581,1422.735302,86136.46037,56929.73691,142883.2747,11219.28412,4654.376991,119834.9621,528.4445758,25710.85939,6381.984074,1686.957584,81.29916106,35202.53759,10894.0874,20649.98691,24592.99609,5650.291628,4532.428266,129733.1364,1849.556015,386.1710127,3780.411079,4776.325716,36300.07581,528.4445423,14227.35326,9959.146978,4532.428266,3150.342312,630.0684929,10894.0874,97701.26439,304.8718517,9268.104306,1158.513038,2093.453374,5386.069371,4532.428266,284.5470591,8373.813555,162.5983191
CGGA_1408,37890.86457,13611.28157,36909.87313,306.560394,59564.68297,12323.72783,115113.4261,5150.214615,13825.87367,7633.353795,7204.169214,16799.50958,30.65603979,3126.916012,30.65603979,26977.31315,8859.595231,96934.39547,24371.55126,17933.78295,30748.00766,31269.15895,6407.112359,3034.947904,3096.259937,16615.57325,36909.87313,11189.45436,10913.54987,43010.42319,30748.00766,25628.44905,2391.171072,8859.595231,138105.4569,3218.884131,34426.73236,6376.456012,889.0251422,8369.098734,30748.00766,122.6241592,12231.75957,91.96811937
CGGA_1409,65037.227,100331.1195,28882.04092,727.3144874,86397.30429,24575.57372,64941.52876,3464.313734,57209.02645,54376.32782,803.8738709,18182.86217,4038.509388,555.0557997,0,119413.556,10105.84335,6966.907222,25054.07008,5952.494932,6316.152062,67735.94639,3655.712225,3521.733314,3713.131933,3464.313708,28882.04092,1301.510134,7694.221993,10067.5638,6316.152062,21991.69331,1378.069548,10105.84335,94914.53929,459.3565185,13646.71667,2181.943546,57.41956513,17704.3658,6316.152062,114.8391303,11101.11574,344.5173882
CGGA_235,23832.39568,9240.199518,42404.28218,1372.306856,114175.9307,57042.22169,296829.971,548.9227407,4894.561065,4711.586875,1555.281235,54160.37727,45286.12626,1006.358365,45.74356244,13951.78609,3110.562039,12762.45169,11390.14709,4528.612514,3019.075009,66968.5741,4208.407693,320.20495,11252.91633,5855.175958,42404.28218,823.3841153,9377.430278,5763.688927,3019.075009,6495.5856,503.1791825,3110.562039,97982.7079,228.7178079,12853.94087,777.6404024,0,777.6405314,3019.075009,228.7178079,18068.70675,91.48712488
CGGA_236,17887.59036,42037.38734,28892.95204,496.0163692,97219.2071,18538.61178,343026.3189,496.016366,10881.35919,2635.086945,2790.092059,32582.07524,4185.138114,620.0204575,62.00204575,25048.82777,7781.256903,24397.80613,9672.319138,9610.317092,2821.093242,60203.98675,6510.214804,465.0153432,4526.14934,8494.280268,28892.95204,4123.136065,10199.33797,10323.34078,2821.093242,4464.147294,682.0225033,7781.256903,80106.64376,155.0051144,34163.12753,2914.09615,1085.035807,31652.04455,2821.093242,248.008183,14291.47171,1395.046039
CGGA_247,31425.56153,18504.21335,59480.3374,526.6853911,84726.12285,24578.65157,134023.8751,1931.179766,9199.438324,26299.15718,2106.741628,4915.730307,7724.719064,3300.561765,0,31917.13652,14080.05629,21910.11389,9761.235932,6601.123689,13026.68528,124824.4392,6249.999885,1544.943821,9480.337128,12991.57278,59480.3374,3019.662909,47928.37114,10147.47184,13026.68528,20400.28078,667.134829,14080.05629,117099.7171,912.9213443,12851.12357,3125.000141,1053.370782,7162.921297,13026.68528,105.3370774,14044.94379,737.359546
CGGA_256,47497.18488,24465.1448,39069.16557,477.7015694,80663.32259,17606.71504,40672.87542,19790.49369,8257.413017,3821.612563,3343.911133,40297.53969,18016.17355,989.5246978,0,43129.62636,20063.46603,65581.60282,12727.33461,10202.34085,18050.29499,22076.63822,4674.651226,1194.253943,4299.314148,6380.728012,39069.16557,3821.612571,17913.80895,12488.48395,18050.29499,92298.76777,1501.347811,20063.46603,168492.1688,1398.983173,24021.56489,4196.949526,409.4584903,17845.56586,18050.29499,238.8507847,6483.092634,307.0938677
CGGA_273,46513.0567,44239.63126,17265.74483,291.8586796,99247.31157,21382.48846,178279.5701,1797.23503,26067.58825,36989.24728,2089.093705,31996.92778,27219.66203,522.2734135,76.80491554,110430.1078,7956.98915,16190.4764,17526.8817,11674.34723,17250.38411,30844.85505,4992.319472,5898.617501,4009.216657,3917.050791,17265.74483,6973.886322,5529.954446,11321.0445,17250.38411,16267.28104,3425.499232,7956.98915,91336.40434,1013.824885,11198.15668,10552.99537,614.4393243,4823.348694,17250.38411,261.1367118,9278.033724,3010.752686
CGGA_276,24259.4565,6815.906067,52944.4053,969.0861545,96133.34791,37729.75425,116419.5488,4425.493425,20932.26071,6945.117418,3779.435779,34144.13552,28329.61857,6202.151364,0,20706.14025,4393.190716,24033.33463,6072.940107,7042.02606,12404.30273,181380.6261,5006.945184,1227.509124,3585.618776,7688.083518,52944.4053,2874.955591,7849.598938,9335.529919,12404.30273,6718.997565,1808.960836,4393.190716,141874.2141,1808.960822,11629.03378,3294.892802,936.7832816,3908.647505,12404.30273,516.8459478,11015.27931,710.6631806
CGGA_300,64660.69097,14938.11332,31654.57569,1067.0081,122492.5294,64305.02159,138924.4558,3841.229169,12519.56189,12448.42786,3129.890364,35922.60607,8678.332558,4410.300145,0,65585.43184,7042.253642,23403.04612,7966.993654,4765.969311,10243.27799,77607.05415,1920.614434,497.9371249,5904.111691,6402.048687,31654.57569,1707.21296,9460.806793,9034.002056,10243.27799,6686.584175,924.7403564,7042.253642,145184.2357,355.6693682,16147.38925,3414.425852,284.535492,2418.551688,10243.27799,355.6693682,14084.50685,426.8032401
CGGA_330,174066.2768,46833.97572,30986.11608,11.82676136,10573.12446,224.7084675,8799.111364,16983.22961,24765.23877,53894.55246,2921.210128,2897.556592,118.2676153,2270.738228,177.4014238,74745.13362,6067.128741,43250.46787,24185.72732,11566.57275,40317.43018,60470.23115,9863.519221,1525.652234,910.6606466,6374.624526,30986.11608,10230.14876,12690.11568,19431.36919,40317.43018,37609.10183,2010.549465,6067.128741,82740.02335,1738.53395,29803.4391,11259.07696,3607.162279,10774.17978,40317.43018,23.65352271,3689.949591,1904.108613
CGGA_337,50696.20242,31202.53177,49968.35594,1392.405065,65063.28972,54240.50639,88069.6211,46708.86078,17088.60753,8291.139242,4082.27865,45506.32915,8069.620259,1550.632913,94.93670765,49240.50574,9145.56945,47879.74506,11075.94954,10189.87339,23702.53176,20822.78449,4240.506452,1297.468354,4525.316347,5000.000128,49968.35594,4968.354433,9113.924114,15443.03808,23702.53176,42563.2912,664.5569573,9145.56945,101455.6955,1170.886078,15696.20264,4462.025301,13449.3671,9683.544315,23702.53176,189.873419,14335.44309,1139.240507
CGGA_426,73904.74131,63106.796,15867.46661,0,2017.051205,94.12903513,5741.871662,50211.11794,13608.36946,17723.15303,887.5023783,820.2673296,13.44700592,739.5852941,147.9170588,75746.98157,14791.70588,85832.23506,65285.21087,9009.493525,23707.07036,29153.10798,4249.253669,1398.488553,605.1152349,5338.461168,15867.46661,4598.875825,11241.69586,10139.04197,23707.07036,34437.78067,578.2212357,14791.70588,71242.23392,1573.299625,69467.22955,13998.33255,336.1751329,141139.768,23707.07036,26.89401058,1882.580703,1264.018502
CGGA_479,51157.66253,32017.64039,38721.05922,88.20286642,98125.69043,4410.143321,193208.3781,4895.259107,18081.58782,11378.16977,3131.201943,20595.36933,12877.61851,6306.50497,396.9128989,57199.56058,8158.765042,34266.81367,15744.21172,7012.127901,17772.87752,48776.18378,3263.506181,1631.753049,5600.881874,9349.504005,38721.05922,5292.171994,15479.60283,10452.03973,17772.87752,22800.44103,2205.071661,8158.765042,110650.4949,1102.53583,19669.23909,3528.114657,308.7100325,7585.446512,17772.87752,308.7100325,12965.82149,1058.434397
CGGA_483,62841.27023,9332.014225,9731.54943,9.512756743,4708.815154,76.10205125,9560.31996,9293.963206,15096.74481,110633.3594,4347.329713,732.4822584,19.02551349,1835.962022,104.6403228,32210.19349,31268.431,39592.09355,8751.736096,13032.4765,23277.71542,28633.39801,7048.952687,2245.010559,780.0460691,9389.09076,9731.54943,11833.86922,13736.42061,12119.25193,23277.71542,15239.43608,1236.658363,31268.431,81096.24975,1959.627862,19453.5873,28405.0912,703.9439895,288607.5228,23277.71542,0,3396.054173,104.6403228
CGGA_485,25090.86124,33454.48166,36607.26082,656.8288308,88540.52707,26929.98206,279984.2377,34768.13945,5604.939306,31133.68656,1926.697938,36125.58568,10947.14718,875.771781,0,19573.49936,1663.966341,29995.18185,20493.05962,6086.61379,10334.10706,69098.39153,6787.231162,1532.600609,3897.184255,4378.85874,36607.26082,3327.932741,5692.515732,8845.294899,10334.10706,7137.539848,700.617405,1663.966341,88496.73803,1401.23484,11910.49598,1532.600542,131.3657655,13443.09672,10334.10706,87.5771781,10859.56993,1007.13754
CGGA_491,28536.71541,13868.31016,33426.18275,592.6628319,121495.8825,22432.28823,190452.2008,2666.982766,9038.108267,25751.20013,2370.65115,26640.19437,13779.41088,2904.047881,88.89942419,25662.30167,4859.835221,13275.64676,13068.21546,11793.9903,8771.409901,96189.17762,4385.705152,977.8936701,6460.02501,7793.516433,33426.18275,3200.379303,21869.26031,14194.27478,8771.409901,11645.82485,1037.159969,4859.835221,148047.1761,1037.159957,18313.28157,2429.917812,118.5325656,15794.46453,8771.409901,266.6982766,18668.87912,266.6982766
CGGA_493,54049.85406,14390.50172,39845.83797,1025.672909,104991.6074,64244.42126,145738.7957,1989.183816,8733.760146,37887.73562,1274.320921,39286.38048,26574.25262,1305.401881,31.08099733,30428.29629,3232.423709,17622.92476,10722.9441,2828.37062,6091.87549,156337.4148,2082.426764,1522.968873,3574.31481,5470.255611,39845.83797,124.3239893,7832.412492,7583.763201,6091.87549,7583.763201,714.8629286,3232.423709,98060.54522,186.485984,12245.91297,1554.049699,31.08099733,14110.77274,6091.87549,124.3239893,11251.32083,2051.345817
CGGA_502,30396.30623,15614.98017,43510.32374,833.6539687,48159.54904,42933.17934,92471.46345,2436.834674,3719.379325,99012.44046,2180.32578,40945.23526,26676.92696,993.9720395,0,13017.8284,8272.412464,28953.44393,35815.05693,6925.740802,17025.77903,108246.7602,4745.415022,448.8905945,5066.050987,4488.905945,43510.32374,2468.898288,9202.258744,12761.31841,17025.77903,28055.66231,1282.54456,8272.412464,145184.0459,1058.099266,13915.60849,1635.244182,32.06361477,3430.806713,17025.77903,256.508912,11863.5371,128.254456
CGGA_510,28493.07437,33327.13586,41926.18644,883.1458617,121874.1281,56056.52161,165194.757,18127.73089,13897.92721,3346.658011,2835.363055,51175.97869,51780.23638,1812.773102,185.9254446,27563.44536,6367.946485,45365.81059,12224.59797,8784.97723,12782.37453,20451.79993,3439.620742,883.1458787,5391.838046,8180.719544,41926.18644,5996.095596,9761.084391,12085.15373,12782.37453,13990.8899,1440.922178,6367.946485,97982.7083,976.108584,21939.20251,2509.993433,278.8881669,3160.732549,12782.37453,232.4068057,12875.33722,557.7763337
CGGA_525,108683.1623,40715.48953,21985.59871,19.15121788,7047.64779,497.9316649,3217.404214,15742.30122,3313.160669,52014.70816,3102.497321,4634.594763,153.2097443,1206.526739,114.9073085,57453.65364,35353.14852,52206.22087,42841.27479,14478.32079,54887.39088,39566.41633,7564.731063,1263.980392,766.0487152,11146.00895,21985.59871,8522.292022,14210.20357,24456.10538,54887.39088,18557.5303,1742.760839,35353.14852,87157.19289,1627.853532,46824.72808,13233.49163,4194.116749,30048.26108,54887.39088,114.9073085,1570.399891,651.1414128
CGGA_541,43773.5848,24683.68469,34761.37585,2308.546054,109655.9366,74495.00534,112053.275,2042.175364,8390.676885,8168.701413,5105.438191,112230.8543,27436.18194,2352.941175,0,29211.98795,6259.711578,19578.24738,26637.06985,6304.106505,4350.721348,70055.4926,8168.701369,1864.594907,3418.423916,6703.66261,34761.37585,2086.570472,5682.575324,12430.63242,4350.721348,5860.155473,1509.43395,6259.711578,115205.3289,1243.06326,5904.5504,4483.90657,1287.458376,10210.87678,4350.721348,0,30943.39627,3418.423964
CGGA_591,52118.61103,42682.45378,38106.56331,206.8198849,83891.31637,12771.12795,95912.72266,39942.09043,10392.69914,25180.32107,4963.677211,23241.38466,3076.445798,1732.116534,103.4099424,61218.68708,7161.138559,31488.32618,22827.74493,11194.12633,17269.46044,77919.39206,3645.200403,2895.478394,3877.872762,4239.807684,38106.56331,4498.332515,18406.97042,13572.55514,17269.46044,40717.66511,2016.493887,7161.138559,112096.3787,982.3944562,18303.55999,2688.658516,878.9845138,17088.49304,17269.46044,232.672372,7678.188176,2973.035856
CGGA_598,5974.540723,4683.559514,29782.63378,1411.072413,151945.4791,91539.56986,349705.7771,3752.852174,3632.760791,2341.779757,1471.118073,51969.49668,38429.20611,1501.140848,120.0912707,11258.5575,1981.505854,21826.58896,3602.73798,6995.316286,5253.992917,29332.29162,1621.232126,390.2966087,6965.293475,2732.076471,29782.63378,2762.099191,7385.614224,6004.563534,5253.992917,5163.924485,1080.821429,1981.505854,74336.49602,630.4791641,9367.119029,1531.163694,30.02281767,750.5704417,5253.992917,390.2966262,17863.5762,210.1597202
CGGA_601,10024.51423,12957.45075,34801.26161,2845.386094,102609.002,87812.9924,199133.25,2626.510237,2801.611131,10462.26581,4333.741858,92890.91221,39704.07981,525.3020475,0,9149.009987,5997.198424,14183.15361,14664.68214,5953.423145,5296.795755,72229.03097,7485.554323,1707.231666,6610.050986,5471.896422,34801.26161,1663.456485,7004.026698,8711.258996,5296.795755,4640.167913,1225.704762,5997.198424,132288.5676,1663.456485,7704.429819,3370.687961,787.9530712,5515.671521,5296.795755,87.55034275,20224.12867,1444.580633
CGGA_710,75380.08762,31006.88015,30969.38672,131.2262148,18446.65593,6430.084552,30800.66712,40286.44816,8304.744786,42311.08121,3280.655476,5042.836004,1687.194199,3018.20295,318.6922381,40436.42136,7442.401122,40042.74159,34681.21413,11491.6671,41579.96365,81378.99941,6598.803963,1743.434001,1293.515601,11454.17388,30969.38672,23020.82752,7911.06523,21802.29848,41579.96365,42292.33464,2886.976739,7442.401122,120934.3319,1987.139835,61170.16293,4255.478803,899.836906,12091.55843,41579.96365,112.4796127,3036.949644,468.6650551
CGGA_715,27034.14398,14482.57695,35284.8231,1974.896874,146625.1219,94400.07062,252128.5022,219.4330074,5090.845378,394.9793791,3115.948483,83735.62751,27297.46347,1097.164951,0,33134.38172,1755.463717,16633.02004,3642.587512,3423.154761,3510.927862,26990.25614,2984.288404,394.9793791,5441.938207,6451.329716,35284.8231,526.6391664,6100.235174,8513.999711,3510.927862,4651.979449,482.7525649,1755.463717,107653.8217,263.3195832,4476.43282,1579.917516,131.6597916,833.8453511,3510.927862,219.432986,22908.80356,351.0927776
CGGA_747,33451.53312,19487.24385,68597.6084,815.8910478,75438.54011,20554.1783,119590.8007,564.8476391,4958.107202,23284.27529,1788.684232,4173.596518,3671.509715,2855.618682,31.38042519,34487.08834,16098.15809,21495.59052,13524.96296,7531.301975,14717.41935,107132.7698,5271.911346,1286.597422,5115.009095,19267.58106,68597.6084,3640.12929,55480.59022,9257.225306,14717.41935,12363.88738,627.6085039,16098.15809,133994.4152,533.4672247,14183.95206,2824.238375,470.7063743,12050.08316,14717.41935,62.76085039,15093.9844,94.14127558
CGGA_759,36936.05053,28475.05253,36486.29625,955.7273334,42726.63473,23049.89453,114855.9378,11468.72802,15600.8433,13970.48486,1939.564294,14617.00629,1714.687276,1546.029525,56.21925439,26619.81718,19536.19099,52199.57892,26704.14613,8011.243722,41236.82356,51384.39931,4722.417462,1321.152501,3232.607157,12059.0302,36486.29625,6549.543204,12902.31878,14701.33532,41236.82356,51440.61841,1152.494727,19536.19099,129472.9453,1293.042866,21082.22069,2417.427834,871.3984518,20801.12433,41236.82356,56.21925439,7196.06469,140.548136
CGGA_761,39233.87689,15023.1932,38246.29654,598.5335925,71614.54357,27891.66543,112075.4164,27682.17866,12958.25235,8110.130189,2453.987815,14843.63311,987.5804295,1197.067175,0,15053.11933,27712.10537,40071.82307,18135.56792,9037.857328,27442.76518,59254.82612,5775.849203,538.6802236,3561.274944,8918.15055,38246.29654,3860.541675,15023.1932,22325.30313,27442.76518,88523.11834,867.8736993,27712.10537,120185.5456,987.5804295,14993.26657,5267.095712,1945.234177,12389.64537,27442.76518,119.7067175,4249.588476,0
CGGA_789,144100.4769,29390.49863,16603.28808,160.6769865,9961.972623,8207.916038,21972.57743,25935.94348,9761.126868,67444.16486,3467.944929,6627.925668,1151.5184,1084.569661,361.5232184,60468.1062,18718.86889,38763.32326,36995.87597,9332.654884,46315.14124,32081.83771,4860.47879,1272.026135,602.5387447,9747.737143,16603.28808,7498.259345,5463.017649,9747.737143,46315.14124,14715.33396,1687.108349,18718.86889,62489.95757,2155.749562,85841.67971,15117.02638,1218.467143,56357.45283,46315.14124,13.38974849,2932.355035,1419.313377
CGGA_791,31250.83198,30771.68801,51161.92246,532.3821459,47009.3445,27843.58622,122740.7036,12857.02882,21641.33418,24862.24621,2502.195914,31463.78482,11792.26453,1623.765532,26.61910572,25181.67458,4791.439344,31942.92765,34524.98207,9529.640469,13389.41098,99289.27114,3141.054546,771.9541013,2369.100366,9476.40225,51161.92246,4125.961631,14906.70141,12218.17015,13389.41098,20762.90356,1357.574474,4791.439344,162802.4597,1570.527332,15705.27312,1756.861237,2768.387156,18793.08976,13389.41098,26.61910572,7533.207245,452.5248248
CGGA_837,59752.23805,42173.79512,24161.31663,253.1874496,22226.24141,7921.150191,54182.11379,3797.811734,32751.60499,27000.63297,741.4775456,3201.012745,162.7633609,415.9508047,90.42408873,51288.54344,6474.36471,57961.84135,43367.39298,10416.85498,16728.45641,35337.73469,2170.178145,1265.937238,1718.057634,4249.932264,24161.31663,4557.374085,7306.265705,5606.293605,16728.45641,40347.2285,687.2230728,6474.36471,79066.82301,1935.075504,202531.8745,12225.33683,307.4419032,67203.18293,16728.45641,90.42408873,3598.878744,632.9686231
CGGA_856,43100.02543,12922.78806,42341.98396,902.4293397,91903.40424,30502.11172,307223.0436,1082.915204,3790.203323,26423.13111,1299.49832,28372.37848,15485.68749,974.6237001,36.09717348,30105.04277,3104.356994,26820.20034,30971.37507,3609.717348,6786.268679,108977.3678,5306.284652,324.8745667,2201.927657,6569.68567,42341.98396,758.0406457,2707.28828,6569.68567,6786.268679,2598.996372,1191.206736,3104.356994,64613.94031,685.8462988,6533.588367,1046.818009,180.4858674,8916.001892,6786.268679,360.9717375,13247.66271,433.1660844
CGGA_864,55216.75216,48016.16456,46767.08431,404.1146222,38978.69206,9735.488593,110506.9816,23475.38572,5473.916048,77810.43345,3049.228367,26193.97498,4922.85084,2424.687718,110.2130791,40815.57621,3857.457844,57090.37309,38721.5282,5878.030786,19360.76429,90999.26459,7898.604103,1028.655388,3637.031521,6833.21077,46767.08431,2571.638499,9368.112175,10360.02932,19360.76429,13445.99559,1102.130791,3857.457844,101947.0967,661.278471,10213.07844,2240.999265,1359.294636,16458.48639,19360.76429,36.73769429,11535.63562,146.9507697
CGGA_871,8500.147918,6153.239239,24770.73383,2583.571643,137146.2375,118449.8571,339217.0391,8894.586349,3155.50738,2011.635934,2642.737274,51651.71093,29997.04174,2859.678548,98.60960605,8125.430549,3490.779855,12720.63871,2563.849852,5975.741947,7592.939686,34533.08321,3530.223736,926.9302739,7711.270989,6409.624292,24770.73383,4338.822605,6626.565802,7435.164165,7592.939686,7809.880858,1380.534458,3490.779855,59422.14767,1321.368701,13193.96494,2662.459383,493.0480235,2563.849717,7592.939686,157.775369,16704.4669,729.7110753
CGGA_898,14450.17375,20086.34122,32857.65602,1678.858375,114702.0024,72970.38004,195646.9596,9233.72104,7374.985155,17807.89062,1498.980688,60139.10534,11752.00862,959.3476406,0,11871.92638,5935.96361,37414.55765,19906.46337,5636.167472,9293.680268,73090.30055,4496.942065,539.6330478,3837.390646,4916.65649,32857.65602,719.5107304,8574.171385,7075.189017,9293.680268,6655.474172,419.7145927,5935.96361,141084.0634,599.5922753,14690.01075,1618.898976,179.8776826,9233.72104,9293.680268,119.9184551,13310.94834,239.8369101
CGGA_905,35102.31252,20254.5334,43461.98494,1081.350861,95034.10283,34727.9988,31816.6705,25245.38355,5697.887319,35850.94009,2204.291975,29238.06366,4408.584281,1871.568787,41.59041787,18507.73489,9108.301604,47662.61826,34520.0468,6696.057321,17800.69893,117326.5691,4616.536259,1746.797537,3826.318565,7361.504101,43461.98494,3659.956759,5281.983713,17260.0234,17800.69893,23789.71894,1538.845465,9108.301604,160913.3256,1247.712533,15388.45465,1580.435724,1081.350861,34935.95088,17800.69893,41.59041787,9773.748048,124.7712536
CGGA_908,21469.46575,7856.234197,50381.67898,954.1984769,90903.30787,54898.21901,116125.9558,636.1323005,2290.07652,16062.34103,1208.6513,34096.69222,27162.84997,2703.562342,0,13899.48995,30216.28511,52480.91544,19879.13509,4898.2188,9223.918563,124872.7745,4166.666697,890.5852431,6329.516392,10846.05583,50381.67898,1590.330796,12340.96591,8842.239205,9223.918563,9796.437599,1145.038186,30216.28511,130947.8376,667.9389323,13899.49107,2035.623242,31.80661689,4770.992384,9223.918563,127.2264638,10050.8905,254.4529277
CGGA_D21,21772.03414,11962.97597,36121.78334,436.60496,31260.914,13796.71677,25497.73034,9314.239161,10798.69615,31551.98518,2503.201737,7626.033323,26254.51165,1484.456858,29.10699803,36092.67693,25061.12482,36878.56561,31639.30618,8033.531258,20491.32608,76871.57954,2765.16463,1571.777857,1600.884813,3259.983748,36121.78334,5908.72047,14204.21429,12894.39982,20491.32608,135463.966,1193.386904,25061.12482,148794.9705,1397.135874,19763.65126,2066.59674,3871.230652,68139.48089,20491.32608,291.0699751,9110.490285,58.21399606
CGGA_277,21975.37643,19120.98517,52789.04925,1375.610432,62418.32314,45120.02209,245993.5324,3060.733202,10523.41998,4023.660487,5330.490255,87420.04274,13515.37246,2888.781908,34.3902587,39308.06579,5949.515266,21734.64679,12655.61608,5364.88065,5811.954211,58841.7357,5640.002761,1066.098103,4092.441276,7221.95464,52789.04925,1581.951994,6155.859195,8769.516647,5811.954211,6465.369095,1719.513039,5949.515266,107332.0039,1203.659128,12277.32331,5330.490255,722.1954745,3404.635789,5811.954211,206.3415626,29610.01423,1581.951994
CGGA_342,64000.00002,98237.13668,23892.61719,17.89709079,9700.223207,2774.04923,54353.46769,15677.85238,5888.143265,49395.97323,2380.313273,3615.212537,733.7807619,751.6778527,232.6621921,37011.18573,4939.597255,52778.5237,57843.40059,5923.937447,17968.68014,53011.18489,3293.064903,1091.722597,411.6330881,9324.384894,23892.61719,5422.8188,6890.380943,12832.21469,17968.68014,47463.08734,1360.178979,4939.597255,119588.3666,3346.756157,112447.4274,7337.807619,1055.928414,38120.80542,17968.68014,53.69127434,3454.13872,608.5011204
CGGA_1017,6618.772812,14038.3935,32764.10439,4616.652941,153974.796,136756.5662,108232.2463,1012.837119,5959.251006,1766.576367,2779.41329,114968.7909,23554.35175,1342.598071,117.7717595,17948.41679,6312.566417,19055.46958,22447.29714,4216.229196,4522.435591,65787.3032,2049.228696,282.6522306,8456.012164,5723.707399,32764.10439,117.7717595,10976.32562,5134.848872,4522.435591,3274.054767,565.3044611,6312.566417,120103.6388,447.532682,5064.185593,1483.92394,141.3261104,2449.652583,4522.435591,141.3261104,36108.82145,565.3044415
CGGA_1030,61923.86957,30501.03021,40559.59408,1897.841884,73500.70377,68078.29964,166630.5155,433.7924453,5042.836858,17541.48145,2846.762743,99067.34644,10031.44997,1409.825386,0,28901.42012,3741.459605,12146.18715,42023.64185,2412.970461,2765.426664,114819.434,2168.962226,352.4563669,6398.438301,4581.932688,40559.59408,54.22405361,8404.726729,6208.654255,2765.426664,4256.588374,488.0164702,3741.459605,78651.99147,515.1285113,5720.637785,3307.667323,325.3443216,2440.082433,2765.426664,81.33608246,39041.31884,894.6968907
CGGA_1051,50273.10613,37336.49565,37264.62713,5533.994511,63065.97648,67989.07542,95012.21743,826.505688,7151.070753,19836.13616,2407.646866,92101.48006,8444.731885,1545.206256,0,43589.19113,5929.279859,20662.64,93826.36146,3521.632993,4096.593517,79380.47982,4815.293733,251.5452075,11067.98922,5857.409573,37264.62713,287.4802358,10816.44476,6288.629967,4096.593517,4384.073779,251.5452075,5929.279859,79164.87029,359.3502926,4491.878548,1940.49155,215.6101747,21920.36788,4096.593517,107.8050895,55771.1656,826.5056748
CGGA_1058,61590.21398,32400.61172,39051.9866,198.7767582,30382.26291,11926.60552,95214.06634,7874.617739,11376.14667,88730.88692,2186.544204,9801.223245,3042.813456,3318.042816,15.2905203,38746.17809,9740.061228,36085.62826,102003.0581,4220.18358,12079.51084,118593.2727,5244.648265,581.0397599,3853.21107,7354.740199,39051.9866,2660.55046,8409.787175,8440.366872,12079.51084,24801.22328,1345.565746,9740.061228,101055.0448,2110.091744,19357.79819,1360.856344,412.8440366,15565.74925,12079.51084,76.45259863,5596.330206,244.6483191
CGGA_1086,73037.34629,29286.89648,31733.46677,71.95797734,23962.00634,1942.865367,39001.22355,2662.445141,10146.07474,23458.3004,4677.268398,1295.243578,0,3022.235016,71.95797734,203856.9485,9354.537031,58070.08648,40944.08877,8131.251414,25473.12366,100957.0414,4533.35243,791.5377344,3094.192977,8203.209281,31733.46677,7411.671596,27559.90438,14895.30124,25473.12366,16910.12457,1079.369648,9354.537031,68647.9103,647.6217891,14679.42717,15830.75492,215.8739297,20651.93929,25473.12366,143.9159523,10865.65459,647.6217891
CGGA_1100,2354.830145,1391.490579,20069.575,6261.707238,320310.4079,286325.9293,154187.8519,1552.047103,909.8207957,374.6320512,695.7452894,32004.28145,588.7075172,802.782979,53.51886597,4602.623173,428.1510126,4174.471737,6047.631675,1230.933843,535.1885537,58175.00622,267.5942768,0,4549.103555,2729.462175,20069.575,695.7452491,5298.368463,1123.89609,535.1885537,428.1510126,53.51885537,428.1510126,23334.22467,0,695.7452894,588.7075363,0,160.5565873,535.1885537,535.1886534,34894.3001,0
CGGA_1131,25766.67721,15717.44716,51578.51954,2055.011064,129691.5244,76577.39022,56930.57884,17117.56468,13143.03784,47558.82743,1196.874407,24524.63753,4064.857044,293.572985,112.9126958,49478.3426,8874.937722,6865.092483,27844.27062,3726.119082,4245.517555,118084.0985,3319.633425,632.3110965,9552.414137,7452.237682,51578.51954,1016.214262,13978.59268,5577.887341,4245.517555,31502.64201,654.8936116,8874.937722,121042.4089,700.058714,6503.771471,1264.622097,519.3984007,5193.984007,4245.517555,293.5730091,36177.22778,225.8253916
CGGA_1134,89197.9029,20292.13044,10328.29584,16.82132976,1917.63215,420.5332321,2730.661894,10249.79673,43124.2815,19282.85064,1199.92155,1513.919643,72.89242738,1110.207743,274.7483809,141327.203,6139.785279,36636.85602,48092.18078,13698.16928,11057.22059,29319.57761,2366.200293,908.3517928,768.1740964,4883.792622,10328.29584,1508.312539,12913.17438,3661.442653,11057.22059,13793.49009,414.9261214,6139.785279,52118.08563,1149.457511,61644.56528,29577.50425,409.3190166,279497.6027,11057.22059,28.03554881,4289.438982,3482.015191
CGGA_1144,39177.22929,30719.06652,36431.38978,2966.486071,80855.13317,84532.5948,109196.1069,588.3939266,8065.899986,16278.89876,2794.871141,107823.1879,13508.54401,1544.534063,24.51641254,42119.20042,4682.634877,13606.60894,68572.4096,3947.142628,2794.871141,96030.79156,3334.232208,343.2298011,10149.79533,4216.823162,36431.38978,98.06565443,8139.451465,5810.389913,2794.871141,4241.339612,318.7133928,4682.634877,88871.99813,441.295447,5540.709379,2083.895343,0,13116.28137,2794.871141,98.06565443,39839.17262,392.262622
CGGA_1147,18468.03269,21633.98141,37405.09385,2990.062449,109489.0507,88910.3863,195731.8314,469.0293871,1407.08803,20314.83605,1495.031087,72582.3002,22073.6963,703.5441025,0,19845.80579,4426.465139,16298.7734,46990.88352,2902.119554,2462.404271,95476.79943,2052.003486,322.4577282,10787.67621,3107.319728,37405.09385,205.2003661,5364.522513,4748.922867,2462.404271,2960.748113,205.2003486,4426.465139,88939.70137,439.7150641,13807.05288,1788.174754,87.94301281,8706.358312,2462.404271,58.62867667,27467.53458,117.257349
CGGA_1158,28808.22788,23141.44474,30955.11552,973.5882987,294722.6538,40890.70849,109940.585,823.8054729,2171.850642,4818.013864,1922.212607,55219.93111,11383.49394,1223.22633,0,116131.609,6016.276301,18323.43306,24439.5627,4543.41198,5067.651944,25413.15006,1472.864321,224.674232,16126.6163,5142.543177,30955.11552,1123.371111,5666.782695,6315.842122,5067.651944,1472.864321,524.2398747,6016.276301,50751.40978,424.3846427,9461.281014,2571.271588,24.96380356,1098.407312,5067.651944,274.6018258,43162.41448,124.8190133
CGGA_1198,14442.80315,10667.97967,13540.12754,4021.007713,185048.416,349909.7325,140324.9631,5990.480871,4349.253236,16001.96947,1230.920703,25521.08977,5826.358115,1230.920721,0,43574.59298,246.1841032,7303.462475,17643.19705,1887.411831,3856.88503,51862.79411,1312.98207,164.1227728,2133.595934,2461.841405,13540.12754,1148.859346,4759.560821,3938.946397,3856.88503,1723.289095,410.3069133,246.1841032,24864.59965,82.06138266,5169.8671,1969.473199,410.3069096,3610.700796,3856.88503,164.1227634,19038.24067,656.4910557
CGGA_1211,58273.94423,135668.3473,33764.99223,535.9522597,74642.21536,13949.24393,192638.6229,2129.323837,35068.66,13717.48079,3085.346657,25204.24134,2143.809034,434.5558767,0,170186.5695,4678.71825,15035.63347,13920.27355,4838.055654,4229.677291,36010.19839,2230.720122,1810.649518,7242.598127,2042.412553,33764.99223,825.6561821,5475.402825,4794.599998,4229.677291,7706.124305,999.4785301,4678.71825,37618.05439,478.0114726,9647.140599,8763.543627,86.91117806,2954.980016,4229.677291,159.3371566,19627.44095,478.0114726
CGGA_1212,24098.68391,22360.69607,37578.68585,1780.377699,53072.21032,69985.79948,91774.23034,3221.635829,4641.699111,14730.50594,1123.333361,50592.39956,16044.59425,4747.673855,190.7547533,14900.06422,13013.71314,20707.49,33254.9119,4684.088783,8732.328859,157309.0856,2585.786517,593.4592369,24967.67762,4980.818502,37578.68585,2204.277147,90015.04908,8244.844204,8732.328859,13077.29825,1102.138566,13013.71314,99573.98319,423.8994527,8393.209064,2077.107228,84.77989214,4493.334171,8732.328859,63.58491911,20495.53841,21.19497304
CGGA_1226,35071.69615,40034.09806,50872.22368,1065.546331,50476.44949,25086.00503,90449.65967,6849.940709,8311.261382,19210.2781,9681.249348,41190.97667,3470.636614,2800.864638,60.88835991,28039.09091,5327.731565,58726.82533,74070.69196,5053.733738,17474.9596,71604.71561,3501.080944,487.106891,5571.284864,11660.12144,50872.22368,1004.657965,8615.703153,13821.65836,17474.9596,5145.066737,1522.209027,5327.731565,134989.4964,1369.988136,13943.43472,4201.296898,1765.76249,19849.60588,17474.9596,30.44418288,36015.46599,426.2185311
CGGA_1282,67446.182,46951.62835,25295.54673,0,59470.34358,464.6120458,126761.6515,464.6120458,7537.039812,28857.57052,3871.76689,7872.593009,77.43534256,4258.943769,77.43534256,17371.32823,3071.601695,78545.24585,153838.2115,24185.6382,5704.403351,51107.32599,20262.24758,283.9295624,12002.47793,9292.240917,25295.54673,1419.647922,8698.572069,15254.76244,5704.403351,7537.039812,800.1651953,3071.601695,78080.63561,774.3534113,13138.19618,7407.981202,283.9295862,26792.62809,5704.403351,25.81177927,43208.92055,1729.389287
CGGA_1303,9251.937205,16368.81226,51795.03481,3083.979126,193341.7663,120117.0331,148426.3805,1818.75694,3004.902647,4349.201345,2609.520678,62074.96445,37165.90229,1897.833294,0,54246.40238,2688.597233,19215.56179,13601.13887,4111.972001,4744.583234,35268.06945,2135.062556,1107.069435,4981.812496,4744.583234,51795.03481,474.4583274,22062.31214,4744.583234,4744.583234,3321.208466,158.1527879,2688.597233,62470.34557,158.1527758,4111.972001,2530.444526,79.07638588,1423.37497,4744.583234,316.3055516,32025.93713,0
CGGA_1317,12663.69253,7914.807748,22880.9898,2878.111964,333789.0345,157288.8187,117714.78,1151.244794,1870.772631,3525.687151,1582.961483,53317.02409,54108.5049,1367.103172,0,20434.59454,1151.244928,13239.31416,8562.383082,1654.914521,719.5280379,53676.78701,791.4807413,431.7167893,6187.940858,5756.223969,22880.9898,503.6695931,11152.68409,2158.584114,719.5280379,1151.244928,0,1151.244928,27198.1587,0,2590.300669,1007.339186,0,1007.339186,719.5280379,287.8111951,42811.91541,0
CGGA_1318,121041.8295,43303.9956,24985.19443,413.206064,40769.66404,25784.05837,22161.61969,13098.63221,12079.39062,120986.7355,2988.857096,14489.75931,399.4325273,2341.501018,68.86767616,69267.10969,16831.26045,38634.76813,110890.734,8704.874462,13098.63228,32670.82629,1831.880141,647.3561728,6859.220556,4063.192874,24985.19443,4448.851952,9366.004822,13360.32934,13098.63228,53124.52619,853.9591872,16831.26045,47766.62177,1391.127081,25536.13467,3760.175223,661.1297024,5289.037619,13098.63228,234.1501018,17726.5401,55.09414187
CGGA_1339,9265.476037,9534.040789,53605.47891,778.8371156,181898.7488,41493.21879,190573.3879,9641.466363,14529.34049,2551.362963,2578.219656,43588.02212,31019.20241,2927.353288,53.71290677,14368.20142,3088.492194,25540.48659,13723.64732,4941.587401,5478.71636,90694.23731,2981.065967,590.8419636,7143.816078,6821.53903,53605.47891,751.9806622,8137.505278,4780.448333,5478.71636,5075.869505,886.2629182,3088.492194,101195.112,214.8516162,12085.40348,1906.808049,268.564523,2014.23395,5478.71636,187.9951683,25271.92184,161.1387149
CGGA_1350,5643.585841,5064.756524,36683.30669,1664.134299,354894.7282,115476.4496,188336.5903,4268.866245,1881.19528,506.4756524,1374.719628,46016.93105,36321.53991,868.2439755,0,17654.29481,2025.902609,22429.63603,7380.073792,2025.902609,2242.963603,9912.450778,578.829317,144.7073292,5860.646835,5426.524847,36683.30669,868.2439819,9550.682455,3472.975902,2242.963603,1447.073292,1157.658634,2025.902609,34078.5754,289.4146617,3255.914908,1374.719628,0,651.1829816,2242.963603,868.2439819,25106.72194,0
CGGA_1361,18125.68303,11551.87057,28740.91547,2948.675709,79891.76706,123722.9637,264912.4947,364.2481676,3573.101101,20467.27844,1855.931126,54082.18153,38454.20028,728.4963352,69.38060475,15367.80258,6972.750763,17848.16073,31065.16584,5984.077197,7562.486021,45773.85333,3972.039777,607.0802916,5689.209752,5758.590327,28740.91547,520.3545356,8186.910831,7319.65364,7562.486021,9279.655996,329.5578799,6972.750763,94617.79822,797.8769583,12852.7571,1352.921955,86.72575594,1561.063607,7562.486021,121.4160583,15836.12294,208.1418143
CGGA_1365,84219.85793,36305.30217,11946.97784,295.5082731,23640.66118,16252.95505,18363.72876,22669.70613,68093.5494,32759.2029,1899.695974,4939.209714,5994.596409,1688.618708,42.21546694,181653.1581,9329.618426,39260.38448,62732.18497,5361.364429,9371.833826,57455.25224,1139.817585,1899.69605,1688.618677,4812.563336,11946.97784,2786.220866,8738.602386,7598.784199,9371.833826,10258.35871,802.0938793,9329.618426,44621.74891,675.447483,132640.9994,17266.12627,126.6464023,25033.77232,9371.833826,253.2928061,2659.574515,2701.789931
CGGA_1368,6426.646317,3247.87518,33584.41114,3040.563885,184161.4272,175247.0457,237716.8127,760.1409705,1382.074627,552.8297913,621.9334188,75461.26732,84099.23289,552.8297913,0,31925.92064,967.4521497,7255.890381,4353.534525,1243.867134,2487.733972,12645.9808,691.037165,138.2074627,7324.99472,2211.319284,33584.41114,829.2446959,9743.624649,1796.696807,2487.733972,1312.970881,414.6223583,967.4521497,30060.12068,69.1037254,1451.178076,1312.970881,0,345.5186122,2487.733972,967.4521438,33999.03243,69.1037254
CGGA_1377,17159.42816,9883.830486,30732.53407,1836.058822,187363.7989,64965.59534,176862.2264,2659.711382,960.9281287,1715.942816,2402.320124,66304.03076,32328.36282,737.8554017,51.47828329,22873.51816,47720.36977,12680.81904,7069.684586,4873.277548,6486.263979,14705.62887,1149.681889,514.7828329,20025.05282,9952.468577,30732.53407,926.6091269,16610.32699,6966.727846,6486.263979,4718.842833,1149.681692,47720.36977,94874.47984,360.3479949,13161.28132,2762.667925,0,566.2611241,6486.263979,34.31885553,22204.30014,223.0725688
CGGA_1382,31628.61616,20337.09689,25035.02862,535.7289999,92310.22559,18297.20583,122352.2599,46484.79325,6202.093634,10508.53038,2967.114662,11600.59332,2925.90454,3647.078207,123.6297704,38428.25482,6531.772743,75311.13698,44135.82738,12816.28629,14876.78246,18771.11965,4821.56079,1112.667945,4038.572437,17596.63739,25035.02862,5831.204113,32370.39697,11786.0382,14876.78246,23139.37173,1462.952273,6531.772743,155361.4122,1092.062961,29259.04546,12156.92753,618.1488468,17946.9215,14876.78246,61.81488522,13578.66953,618.1488468
CGGA_1413,46035.14752,27232.46182,25603.65923,3871.981692,111244.4644,96399.48518,270067.1513,2357.479643,11715.95937,6472.353173,1885.983626,63380.48263,37405.34344,1185.883706,14.28775452,45535.07541,2086.012248,11958.85267,8129.732638,6629.518524,3414.773573,44363.47914,1685.955003,1071.581663,9629.947121,2800.399974,25603.65923,971.5673626,6643.806627,7658.236731,3414.773573,6829.547147,742.9632644,2086.012248,66095.15625,228.6040833,5843.691767,3800.543086,28.57550903,3814.83067,3414.773573,285.7551051,19088.44108,1271.610222
CGGA_1417,13138.0114,12729.11538,25529.34274,3928.958735,132909.031,122526.6227,218119.4318,12960.23039,1724.474924,5066.756746,1671.140932,59698.83907,31164.99847,782.2361401,0,10329.07363,2328.930172,22613.73532,23591.5306,4213.408325,5511.209226,97210.61784,4231.186322,480.0085158,10897.97164,2737.826615,25529.34274,1262.24466,12284.66169,4764.529164,5511.209226,6862.344119,586.6770842,2328.930172,72481.28706,568.8990034,7217.906152,1120.020093,444.4523459,1635.584645,5511.209226,515.5647192,24924.8875,355.561875
CGGA_1418,12962.80589,15928.15395,33720.23958,1101.414891,135812.9299,78624.07846,83622.80831,26010.33629,9912.734077,10675.25205,2626.450922,20842.15872,8218.24958,1525.035998,0,62187.57974,5591.798679,23638.05951,88282.63994,7540.455932,10251.63091,52529.01844,4829.28065,1525.035998,3727.865786,7286.283155,33720.23958,14318.3936,17707.36339,8218.249601,10251.63091,14487.84195,1694.484445,5591.798679,91671.60738,1525.036004,46937.21916,13725.32392,931.9664465,9828.009807,10251.63091,423.6211129,9404.388825,338.8968891
CGGA_1422,50885.35147,33088.89286,33804.32887,0,10552.6731,2414.594871,49991.05577,26202.82598,21105.34774,25308.53156,2146.306498,5365.766398,357.7177598,3130.030391,447.1472013,159094.9745,6349.490107,78966.19655,69397.24547,9747.808933,14666.42825,61795.74457,3130.03036,2414.594871,1341.441714,9032.373535,33804.32887,3487.748166,26202.82491,9837.238319,14666.42825,12251.83328,536.5766551,6349.490107,82006.79691,1073.153283,27723.12631,16455.01689,1699.159364,52047.93419,14666.42825,0,15381.86364,1073.153283
CGGA_1446,9018.681649,11273.3519,32961.1341,1395.74834,256817.6929,90079.45051,123577.4104,1181.01783,2684.131375,6764.011173,429.4611219,76121.96714,111659.8672,536.826275,0,26948.6803,966.2872058,7300.836524,13205.92663,1717.844169,2791.496655,80631.3078,1610.478889,0,5797.723872,3328.323058,32961.1341,858.9220559,9555.508689,5368.26275,2791.496655,2362.035534,107.3652486,966.2872058,39939.87415,107.3652582,2791.496655,858.9219253,0,1073.652582,2791.496655,214.7305132,28451.79296,0
CGGA_1455,2016.128928,3434.886609,41143.96619,2090.800483,197505.9756,206093.1905,213635.007,597.3715752,1120.071759,2016.129048,597.3715454,64366.78632,50701.91173,896.0573478,0,5749.701459,970.7287985,4554.957178,14187.57472,970.7287985,896.0574669,55182.19736,1717.443305,896.0573478,4554.958071,1418.757383,41143.96619,298.6857846,4032.257857,2538.829142,896.0574669,1568.100344,149.3429012,970.7287985,39799.87925,298.6857846,2538.829142,672.0428769,0,0,896.0574669,597.3715662,26284.34889,0
CGGA_1467,12457.78607,15759.84998,47504.69081,1500.938088,98236.39918,239249.5312,86454.03479,3076.923071,4127.579808,55834.89686,1575.984845,62439.02446,13283.30208,900.562856,0,41500.93742,1726.078756,10131.33137,16885.5534,3602.251424,3827.391985,63264.53926,1425.89124,1350.844284,2326.454096,5628.517697,47504.69081,2851.782366,18311.44494,9606.0039,3827.391985,4202.626764,975.6097505,1726.078756,78949.34229,1050.65666,10131.33198,2401.501051,300.1876177,4052.532852,3827.391985,150.0938073,15984.99054,75.04690365
CGGA_1469,14203.42445,14519.0562,37796.89133,1657.066201,148899.2351,160261.9741,229227.4913,1262.526624,3629.76405,10100.21305,394.5396914,50185.43353,74883.61072,394.5395803,0,37875.79927,789.0791051,10810.38477,22962.2031,1262.526735,4261.027279,49001.81579,1893.789963,394.5395803,3471.948174,2051.60584,37796.89133,1341.434545,5523.552903,2525.053192,4261.027279,1814.882025,78.90791051,789.0791051,35114.02143,78.90791329,1657.066149,867.9870434,236.7237426,1499.250383,4261.027279,552.3554014,19174.62317,236.7237426
CGGA_1474,30893.1188,32942.89908,39458.27152,1537.33529,71961.93432,96339.67822,140483.1625,14275.25627,5051.244549,20790.62965,1903.367401,36456.80833,28770.13187,3513.909224,0,48169.83887,3001.464272,20131.77058,40629.57542,4392.386603,15300.14652,125475.8426,3587.115779,1610.541735,2342.606032,6442.16688,39458.27152,6368.960489,6588.579464,9297.218275,15300.14652,9370.424714,1830.16105,3001.464272,68301.60946,439.2386544,7393.850581,1756.954524,366.032213,7906.295768,15300.14652,292.8257686,11566.61787,0
CGGA_1481,35133.50745,53603.69402,42461.35241,0,8030.515536,6926.320036,26299.93974,22987.35196,30114.43493,19072.47544,1907.247492,3814.495088,501.9072481,2609.917695,200.7628988,115438.6676,2308.773269,34631.60008,89741.01602,17767.51662,9536.237669,67857.85983,2108.010485,1505.721736,1304.958931,6625.17563,42461.35241,4416.783785,17165.22868,11945.39254,9536.237669,20076.28988,1907.247534,2308.773269,83015.45858,602.2886986,113631.8011,11744.62955,1706.484643,60329.25125,9536.237669,0,6223.649854,903.4330479
CGGA_1486,136153.6244,63817.49941,12705.74595,0,10323.41915,72.19174175,20213.68769,1588.218319,17903.55181,55948.59962,2021.368769,1516.026577,216.5752238,866.3009011,288.7669655,213182.2127,9168.351128,33930.11788,57464.62614,7291.365843,10323.419,95870.63275,2959.861337,433.1504505,1443.834835,5775.33934,12705.74595,2021.36876,24039.84933,6497.256758,10323.419,3898.354055,794.1091593,9168.351128,55371.0651,360.9587073,16315.33364,4187.121022,577.533931,77028.58812,10323.419,0,4764.654956,144.3834835
CGGA_1488,9009.295919,3358.589008,23987.64757,1941.933025,129043.0414,100375.653,296892.9085,588.946917,1225.646432,14500.82776,1719.088336,70084.68125,43438.81335,684.4518205,0,8468.100757,3836.113525,9821.085913,21281.6758,4807.079946,5427.862039,56109.13079,2881.06449,525.2769691,6494.33351,3103.909363,23987.64757,15.91748513,8643.192006,5316.439602,5427.862039,2435.375112,477.5245174,3836.113525,93722.14523,477.5245137,8165.66932,1273.398591,0,3358.589081,5427.862039,159.1748367,17604.73723,63.66993687
CGGA_1494,24405.2189,19646.9686,51573.29198,153.4919432,33921.7175,53415.1958,342594.016,6907.137377,9056.024582,17344.58945,1381.427422,19800.46051,14735.22643,4451.26632,613.9677695,69071.37445,7674.597161,26707.59637,18879.50888,10897.92804,6293.169739,29470.45256,1688.411443,1074.443603,5065.233991,7214.121129,51573.29198,4451.266316,20260.93529,6446.661413,6293.169739,12893.32316,1227.935546,7674.597161,62778.20538,2762.854954,5525.710023,4451.266286,1688.411362,12739.83119,6293.169739,0,8749.040561,153.4919432
CGGA_1497,13490.29457,8660.722467,64224.01685,2066.499493,119137.1765,89347.0793,223715.9869,1927.184915,4202.656166,1323.488443,719.7916965,46786.47735,33644.46931,6315.593981,46.43818925,16369.46246,11818.51984,9055.448723,12584.7497,3761.493407,2646.977107,11493.4533,1068.078143,301.8482357,22499.30348,6965.728388,64224.01685,835.8874341,31879.81765,4411.628145,2646.977107,3482.86447,719.791972,11818.51984,101351.3489,255.4100519,8660.722467,2716.634066,23.21909463,1346.707521,2646.977107,185.7527625,48597.56655,23.21909463
CGGA_1503,30117.14417,22993.5096,19431.69231,0,10408.42173,5896.786441,5698.907423,21608.35839,5065.69575,29958.8412,2889.029614,672.7877131,79.1514956,751.9392117,79.1514956,100601.5513,9498.179532,25961.69102,62529.68179,29602.65952,52042.10855,23587.14576,3482.665779,1583.029922,474.9089519,5105.271455,19431.69231,5936.362194,14682.60279,27228.11456,52042.10855,12862.1181,672.7877131,9498.179532,41633.68692,554.0604712,208564.1918,12545.51206,1345.57543,65339.55988,52042.10855,0,3403.514369,2097.514642
CGGA_1521,34508.69446,20433.01526,26897.80062,483.5156974,27345.49823,19680.8796,67566.84275,34651.95819,5981.268183,21113.51871,2668.290201,7091.563538,895.399437,2793.646248,17.90798946,30855.46414,11747.64044,102988.8431,50984.04395,13287.72747,24587.66851,81463.44067,7539.263207,1414.731118,6930.391413,26593.36338,26897.80062,2686.198306,17782.63305,19251.08766,24587.66851,17675.18509,1378.91513,11747.64044,130620.8683,1754.982895,14827.8145,6375.244049,1916.154791,45432.5674,24587.66851,143.2639112,21668.66639,143.2639112
CGGA_1526,13851.94032,22566.73694,29189.98181,715.5306828,144317.0336,43959.26975,183634.5294,21576.00218,8017.613253,16824.14456,2018.163375,43757.45337,3669.388123,2293.367592,55.04082271,14182.18594,2385.102359,51775.0677,36400.33037,5595.816707,9577.103209,75424.27388,4274.837111,1247.591965,4696.816755,7650.67427,29189.98181,1889.734884,6237.958171,11503.53174,9577.103209,17943.30773,2623.612512,2385.102359,113824.4211,1082.469497,20621.96111,2036.510263,91.73470452,7320.429309,9577.103209,201.8163458,14017.06272,220.1632867
CGGA_1536,52058.59762,19216.01569,53611.22413,1205.567528,71347.67678,52661.38154,42505.39016,24823.73135,2758.192253,37500.45656,3488.839537,40276.91509,10649.17982,1753.552776,36.53234934,22029.00555,11946.0783,32513.79188,82197.78602,11672.08548,18887.22453,88919.73962,9242.684391,493.1867124,13809.22787,6374.895083,53611.22413,1680.48807,10612.64591,14886.93219,18887.22453,7726.591852,1954.480686,11946.0783,115990.209,584.5175895,13845.76035,1991.012864,0,1991.01305,18887.22453,109.597048,12457.5311,858.5102095
CGGA_1542,23837.90218,55125.14892,19467.62091,297.9737772,136571.3143,39332.5387,208482.3188,8144.616595,10627.73129,51251.48981,3079.062251,26618.99083,6456.098526,1986.491857,0,55721.09631,4767.580488,21553.43576,40325.78453,5760.826325,11124.35447,70520.46122,3575.685431,1092.570525,4270.957569,10131.10837,19467.62091,7052.04608,10528.40734,9336.511756,11124.35447,8641.239618,794.596748,4767.580488,44696.06789,595.947557,14898.68886,3178.386992,0,20460.8661,11124.35447,198.6491857,12018.27583,993.2459258
CGGA_1635,5203.314687,5396.029944,59549.04465,1541.722877,87492.77458,126999.422,234534.5938,7323.183653,4817.884174,5588.745437,2119.869005,73809.98273,8864.906542,2698.015051,0,23511.27549,1734.438098,16188.09023,9635.767954,1734.438098,4239.73801,125650.4127,1349.007584,385.4307103,3468.876589,5396.029944,59549.04465,963.5767994,8094.043148,6745.037529,4239.73801,3276.160939,1156.29217,1734.438098,63596.07015,385.4307182,5010.599431,1349.007584,0,1734.438255,4239.73801,385.4307182,18307.95923,0
CGGA_1645,15226.84211,9631.033424,39906.36666,5417.456238,170661.0174,122639.6163,156036.1182,2875.933561,4079.812816,14847.84303,2006.465132,39750.30646,3901.460256,1315.349442,22.29405946,12284.0274,5239.103644,17211.01364,35826.55208,4124.40089,7089.510513,58120.60978,3098.874287,356.7049514,15739.60541,3700.813739,39906.36666,780.2920504,14937.0183,8895.329307,7089.510513,4993.869232,914.0564159,5239.103644,110288.7058,713.4098764,10143.79673,1515.995867,22.29405946,4949.281025,7089.510513,200.6465264,31144.79981,66.88217399
CGGA_1650,21291.75631,5836.146661,45773.03336,1238.484634,45077.44939,52830.70073,32947.0832,6531.734053,12910.77831,70016.79575,4071.730355,31878.2552,6328.14752,3070.763269,84.82771483,15760.99084,3986.902571,16354.78496,46400.75998,7549.666587,16863.74984,227151.6553,6073.66431,882.2082254,5428.973807,6412.975082,45773.03336,4801.248653,8788.151578,14658.22928,16863.74984,8499.737185,2493.934811,3986.902571,146853.7397,882.2082327,14251.05606,1577.795399,339.3108593,11400.84485,16863.74984,101.7932571,8720.289132,390.207486
CGGA_1666,73876.18815,16953.50633,19265.34754,205.4970463,8014.384605,9504.238396,5856.665131,14384.79324,16850.75774,229488.8265,2722.835917,4315.43798,1592.60211,2722.835864,205.4970463,120010.2754,5188.800452,19265.34754,56511.68782,5805.29163,23734.90893,134703.3139,3185.204301,1027.485232,2054.970534,7860.261987,19265.34754,2054.970463,13511.43012,15926.02115,23734.90893,13305.93382,616.4911425,5188.800452,56871.30797,1181.608017,7808.887781,8939.121548,205.4970463,13614.17932,23734.90893,256.8713088,8168.507576,308.2455695
CGGA_1678,43033.40359,44011.43562,22118.56898,75.23322191,12488.71384,677.0990226,19861.5711,7071.922984,12940.11426,88624.7369,4288.293697,601.8657979,0,2708.396034,0,73201.92608,8576.587394,86518.20562,69214.56534,9027.986686,19334.93836,92386.3967,5567.258404,2934.095708,1805.59745,12488.71497,22118.56898,2256.996694,44462.83435,15347.57762,19334.93836,21892.86806,902.7986686,8576.587394,88925.6687,1053.265124,18657.83928,9554.619428,902.798677,80273.84912,19334.93836,75.23322191,6394.824102,376.1661152
CGGA_1696,76789.54361,56571.02017,29612.98891,0,24609.41411,1123.25131,11436.74138,15725.51825,16848.76965,110895.5377,5309.915319,3063.412651,204.2275101,2654.957636,102.113755,98744.00078,4186.664057,50239.96725,69335.23943,9598.69304,20933.31981,143776.1668,3165.526459,2450.730116,919.0236955,4799.34652,29612.98891,3063.412644,11232.51263,15419.17692,20933.31981,18074.13458,1531.706326,4186.664057,74849.38137,1633.820076,13989.58443,3471.86769,714.7962829,11743.08181,20933.31981,0,5207.801417,306.3412651
CGGA_1699,6190.700507,13525.33469,18841.26192,6729.022275,70385.5727,370903.7078,92187.60604,5652.378712,2422.448124,7334.634276,1345.804488,68972.47831,83843.61754,1009.353343,0,21465.58085,740.1925139,9420.630958,22138.48332,3162.640409,3902.832923,82363.23301,1816.835922,672.9022211,3633.672071,2085.997002,18841.26192,2758.899132,4710.316619,4575.735167,3902.832923,2624.318706,538.3217723,740.1925139,32164.72534,672.9022279,3835.542653,740.1925139,269.1608907,3297.220904,3902.832923,134.5804465,15274.88057,269.1608907
CGGA_1720,40054.72244,20902.01647,33909.70844,941.9363602,85133.10365,28123.52843,162842.8534,2803.382018,13927.20195,41041.51275,1883.872607,43172.08311,53533.38305,627.9575735,22.42705539,28729.05896,15362.5333,18053.7801,28773.91312,4530.265241,4552.692323,110677.5223,4081.724359,784.9469574,13501.08777,2489.403061,33909.70844,672.8116842,17156.69682,5651.618199,4552.692323,26149.94757,426.1140637,15362.5333,96458.76676,605.5305181,6167.440326,1480.185889,201.843506,13231.96313,4552.692323,224.2705614,12133.03729,605.5305181
CGGA_1722,32786.88509,42935.20677,19125.68343,292.740046,31225.60437,28688.52452,32006.24549,5952.380947,9172.52141,81479.31286,3708.040645,5562.060867,4293.520677,975.8001618,292.740046,93676.81563,5854.80082,32103.82594,81674.47288,9074.941459,25956.28401,45569.86821,3805.620596,878.2201356,1366.120317,8879.781306,19125.68343,2439.500384,13173.3009,23126.46368,25956.28401,24492.58374,878.2201356,5854.80082,112607.3382,1170.960184,15612.80244,10831.38183,292.740046,101288.056,25956.28401,390.3200622,9074.941459,390.3200622
CGGA_1735,7823.05665,6590.332363,56871.25214,1754.2612,72825.54829,76405.18716,183770.7122,9150.605697,5855.43968,9719.555297,5713.202157,57463.90741,8984.662094,2963.279029,0,10620.3904,3271.460293,24393.71084,24180.35702,17258.13728,6827.395084,66638.22179,3247.753582,877.1305891,6922.219734,8818.718216,56871.25214,900.8368338,59810.82287,6827.395084,6827.395084,3461.110141,331.8872618,3271.460293,135575.9419,2986.985285,6590.332363,1351.2551,284.4747888,7301.519595,6827.395084,71.11869582,21596.37763,165.9436254
CGGA_1745,12300.63601,14489.7319,39612.21767,5733.34722,137079.1199,204941.1024,131137.2862,1563.640136,2293.338918,12196.39316,833.9414246,96841.44666,54727.40527,1563.640136,0,29604.91916,1146.669459,12613.36369,20952.77794,3544.251055,2814.552308,41801.31355,2189.09624,312.7280342,6254.560685,3961.221767,39612.21767,312.7280307,6880.01817,4690.920513,2814.552308,4690.920513,0,1146.669459,50870.42761,208.4853526,1563.640171,1876.368205,0,4795.163121,2814.552308,625.4560614,35755.23823,833.941414
CGGA_1767,28032.56738,18035.65895,29990.72429,0,17829.53575,1133.670007,17932.59751,7832.629083,9481.603593,90796.66071,5153.045366,3091.827253,206.121818,3504.070889,103.0609073,102030.2996,5565.289102,52561.06466,78017.10786,7317.32448,14634.64896,83685.4584,3401.009988,1958.157279,2061.218013,19787.69466,29990.72429,4328.558171,26589.71597,18035.65895,14634.64896,17005.04994,1339.791808,5565.289102,157064.8267,1958.157269,31330.51626,12058.12644,618.3654539,45759.04352,14634.64896,0,14428.52709,515.3045433
CGGA_1769,32062.92761,27057.32312,34691.3517,1836.032631,74929.45961,71740.55929,97135.78867,13547.98818,10648.98928,35039.23328,2299.872448,67198.79436,13374.04823,966.3329659,77.30663805,71006.14567,4522.438121,14997.48696,35464.41984,3208.225293,6049.244384,140234.2394,4387.151852,560.4731014,4367.824962,4464.458235,34691.3517,657.1064176,6319.816138,6184.531044,6049.244384,2879.672086,637.779759,4522.438121,111746.7457,715.0863932,4986.277988,1662.092532,1720.072676,19906.45907,6049.244384,38.65331707,18785.51268,579.7997795
CGGA_1780,37214.52643,49943.84118,22987.64427,74.87832192,10258.32897,1347.809805,203219.7681,898.5398792,8386.372206,45750.65521,2695.619503,19618.12058,599.0265835,1722.201428,0,84088.35767,2021.714829,43279.6693,82216.39848,3743.916231,11306.62678,154998.1288,5615.874077,1123.174842,2171.471274,8910.520435,22987.64427,1871.95807,16772.74549,10333.20841,11306.62678,11905.65337,1048.296512,2021.714829,67690.00397,449.2699369,9584.425378,2321.227988,224.6349685,12130.28828,11306.62678,74.87832192,13777.61148,0
CGGA_1791,33588.90086,18802.48265,41347.20693,2099.306303,114092.7354,99671.41237,71924.05829,6936.838206,13326.03143,53577.94787,1551.661285,28660.09477,6571.741476,1642.935365,0,45271.99757,4107.338591,16429.35436,58689.30244,6754.289689,16520.6278,101131.801,3650.967477,1460.386991,3559.693326,9675.063957,41347.20693,2281.85468,12960.93447,16885.72476,16520.6278,11956.91845,365.0967477,4107.338591,85706.46299,1004.01606,6936.83835,1916.75789,91.27418692,1186.56443,16520.6278,91.27418692,18711.2085,365.0967477
CGGA_P102,197651.9994,32614.298,20358.88221,486.7805667,31850.71989,16903.69378,54567.14643,1345.805086,73990.64604,18411.75907,1116.731864,3359.740372,76.35773591,1574.878307,181.349623,213668.0336,3541.090024,12856.73419,20292.06837,11720.91238,3980.146985,47694.95152,2844.325754,1193.089618,4190.130782,1842.130472,20358.88221,677.6749055,23899.97185,7673.952516,3980.146985,20377.97081,563.1383026,3541.090024,61219.81448,591.7724538,29273.64699,22010.11729,448.6016977,14851.57963,3980.146985,314.9756613,4915.529198,3006.585852
CGGA_P103,9786.783229,3800.821094,21030.32652,4277.579136,223745.1994,139160.3764,290848.8936,741.6236374,1787.842641,648.9206669,1099.192292,62892.33226,49159.05188,542.9744375,0,11031.65039,1655.409735,13786.25368,2039.464908,3231.360107,1125.678747,21228.97651,768.1100285,211.8924588,11243.54392,2953.251386,21030.32652,251.6223019,5588.664685,2675.142348,1125.678747,2688.385575,437.0282081,1655.409735,53237.98241,251.6223019,3628.658507,1417.031012,13.24327788,635.677408,1125.678747,662.1639543,24725.20211,52.9731147
CGGA_P108,11505.81673,5249.871843,20066.58413,1207.287631,138966.1207,35688.15397,336723.4932,3036.51133,6932.757774,1006.073045,1957.269319,18987.34179,8359.552218,1024.36524,73.16894704,17432.50379,4115.753154,43919.66079,9457.086438,7975.415022,20066.58366,27365.18533,3201.14155,695.1049875,21676.30072,4627.935728,20066.58413,2542.620914,13097.24355,8487.598062,20066.58366,8707.104679,914.611838,4115.753154,107649.8126,1243.872104,7938.830819,2560.913333,2377.990783,9054.657219,20066.58366,128.0456573,19645.86253,18.29223676
CGGA_P111,22981.68566,6981.527725,33147.42388,1621.771285,238795.9329,66215.73485,240259.4833,3737.985046,4410.426742,3856.651239,2234.879998,62517.30523,26067.00673,1839.325955,0,28796.33039,4271.982876,23772.79256,4944.424453,5794.865794,5399.311553,20529.25237,2195.324495,751.5525437,13429.05735,5695.977036,33147.42388,1028.440326,7733.080309,6190.419639,5399.311553,6763.972854,1048.218027,4271.982876,64752.1855,870.2187369,8247.300269,1166.88418,39.55539641,692.2194471,5399.311553,692.2194511,21992.80085,316.4431792
CGGA_P112,67583.27952,43517.57875,31577.00476,1808.618626,78213.52626,61935.96029,111469.9631,5462.766458,25597.49023,20430.00834,2712.928108,59518.31703,14210.57492,1310.325722,55.36587671,127009.3186,1716.342237,16886.59287,16738.94988,5019.839493,7068.376789,73655.07217,3432.684474,867.3987224,5887.238146,5056.749978,31577.00476,830.4881437,8212.606336,11257.72811,7068.376789,6754.636799,1107.317534,1716.342237,89065.23869,775.122267,11534.55762,4078.619523,221.4635068,5961.059359,7068.376789,73.82116779,23548.95258,406.0164246
CGGA_P113,3634.916574,7057.575159,25019.8987,3555.319737,191960.7314,110188.3796,172433.0061,530.6447521,3900.238727,530.6447521,2547.094542,105810.5605,49747.94409,1220.482885,0,12364.02313,2440.96577,14804.98711,7508.62322,4775.802769,3502.255275,30379.40949,2016.44979,424.5158017,11435.39403,5651.366365,25019.8987,238.7901295,10453.70077,7906.606673,3502.255275,3926.771255,742.902653,2440.96577,122578.9346,265.3223671,5120.721612,1459.272957,26.53223761,955.1605092,3502.255275,106.128946,38100.29204,212.2578964
CGGA_P121,15311.54732,44552.34949,31650.95542,5493.726473,65995.60441,78861.55741,169277.662,389.8773622,8222.868004,4288.650985,5493.726468,68086.76485,4784.858541,673.4245348,141.7735863,112213.7935,2800.028329,40370.03097,47600.48159,1488.622656,7655.773659,28283.83046,1205.075483,177.2169828,2516.481156,2764.584932,31650.95542,496.207552,5387.396278,6521.584969,7655.773659,6876.018934,1063.301897,2800.028329,96441.48434,283.5471725,10101.36802,4536.754761,354.4339657,3367.122674,7655.773659,248.103776,64117.10439,141.7735863
CGGA_P128,13499.63019,9061.395743,24574.67053,2712.25445,184042.9028,103558.8063,248294.5671,472.5897834,7951.836907,780.8005214,2506.780609,65135.20159,23978.79502,2136.927769,102.7369112,16746.11594,5075.203501,15739.2932,7664.173521,3883.455254,4376.592615,47546.64262,2075.285531,513.6845335,11075.03899,7273.773148,24574.67053,472.5897923,9287.41864,5403.961592,4376.592615,4191.665768,1150.653407,5075.203501,87983.88912,575.3267035,6760.08866,2075.285531,226.0212064,1397.221997,4376.592615,123.2842952,31108.73674,61.64214761
CGGA_P13,17142.2765,9841.205408,23717.59622,2496.588944,155093.3326,114523.7604,330231.95,275.7859925,3193.311533,1654.715916,2307.89325,74128.37062,33181.4089,1349.899829,29.03010591,23267.62798,957.9936164,9942.810875,4470.635834,3222.341667,1770.836175,29930.03848,1872.441642,232.2408317,12236.18867,4136.789692,23717.59622,304.8160906,6952.711838,3701.338084,1770.836175,1828.896442,449.9665967,957.9936164,54983.01535,29.03010591,4093.244492,899.9333498,14.515051,537.0569184,1770.836175,595.1171341,36084.41931,101.6053648
CGGA_P131,18523.5263,7616.729873,40292.05044,3042.184953,169641.2489,115918.5141,157923.2012,2005.588593,11605.37224,1487.290443,1735.172107,89597.98058,38173.7875,1419.686299,0,28641.60718,3875.969173,22714.98115,9261.763152,9149.089502,4777.357001,18275.64418,2366.143908,428.1593673,15413.73695,5205.516322,40292.05044,1735.172158,11943.39136,5656.210466,4777.357001,19312.24094,743.6452216,3875.969173,70984.31723,270.4164401,10163.15144,1419.686436,45.06940515,3628.087234,4777.357001,495.763475,40675.13966,112.6735175
CGGA_P132,10399.11403,17211.49691,40152.13404,746.2327261,135742.1418,22772.13422,241875.6934,26671.80204,6427.229998,1949.833908,3514.515709,49323.57615,2094.266043,2599.778563,192.5761874,14900.58293,4332.963993,29199.365,7727.11953,14924.65474,16585.62424,20196.42608,3201.579371,1420.249371,29223.43626,5849.501502,40152.13404,5295.84517,18318.81251,10760.19455,16585.62424,7871.551514,1973.905943,4332.963993,96865.82051,1107.313083,17644.79342,2431.274154,770.3047495,1757.257743,16585.62424,120.3601171,48047.75904,144.4321405
CGGA_P136,48387.09636,43369.1751,31421.74556,119.4743114,94862.6045,17323.77525,112664.2766,8482.676158,25925.92565,39307.04866,1792.11465,8363.201834,1553.166056,1911.588974,597.3715607,153405.0185,2389.486067,29988.0532,34647.55057,5734.767041,8960.573251,80286.73617,3942.65239,836.3201834,3225.80661,9916.367758,31421.74556,1792.114682,13381.12469,13142.17437,8960.573251,6929.510274,1075.26879,2389.486067,78136.20163,1075.26881,3942.65239,10633.21394,1314.217433,11589.00828,8960.573251,597.3715607,35244.92199,0
CGGA_P137,30663.37005,17649.73815,25034.97436,2374.987804,160018.8693,90656.2125,251472.1667,618.147525,4294.498587,4034.225848,1350.164249,63815.59691,27523.83125,341.6078504,32.53408064,24888.56963,9987.962519,17763.60677,8003.383665,3237.140912,3887.822669,24839.76926,1594.169727,748.2838403,14249.9268,4782.509544,25034.97436,927.2212658,9386.082941,6897.224894,3887.822669,18137.74947,585.6134371,9987.962519,86719.58892,81.33519799,11988.80816,2000.846007,32.53408064,2082.181082,3887.822669,390.4089533,24010.15063,97.60223831
CGGA_P142,40290.7834,28523.90363,46543.8644,677.6737298,111723.7543,19098.07785,172406.3587,10319.12272,16140.95603,3850.41892,5113.356403,22979.30011,5914.243464,6068.260234,92.41005429,51195.17175,3912.025651,51318.38199,17527.10682,10072.69611,14415.96851,39120.25651,2279.448148,1817.397747,13307.04778,12690.98099,46543.8644,3819.615571,11181.61633,13461.06447,14415.96851,9456.628805,2495.071471,3912.025651,113171.5123,1108.920652,20176.19504,5082.553064,184.8201086,2433.464741,14415.96851,277.2301629,29663.62718,800.8871338
CGGA_P143,110201.4266,36005.85468,15681.99221,9.293032911,2248.913545,218.3862668,4720.860666,56399.4146,56348.30297,44504.33293,1454.359619,1050.112675,153.3350374,938.5962843,78.99077691,82317.68198,6426.131972,31215.296,70520.17755,32827.63756,23009.54861,55079.80359,3043.468132,1096.57784,1459.006097,3698.62697,15681.99221,2300.025559,8345.14352,8159.282616,23009.54861,41758.24181,989.7079644,6426.131972,43212.60181,1802.848317,66380.1316,22772.57626,1026.880098,87586.83187,23009.54861,18.58606488,1500.824775,5310.968107
CGGA_P144,60239.23379,31145.48933,29237.3646,2338.989317,119986.0491,69369.49894,95631.83459,26180.26639,11284.59741,7181.107541,3159.687511,56689.71476,8535.259259,1702.948362,0,134594.4729,3631.588829,25708.36327,11715.46412,9048.195431,8494.224506,37505.90014,2810.890799,882.2503717,12782.37137,5416.606994,29237.3646,923.2852576,19306.91982,8925.090824,8494.224506,16619.1348,882.2503717,3631.588829,85680.8727,430.8664517,9520.096749,3939.350541,61.55235024,2318.471864,8494.224506,143.6221493,25605.77773,512.9362546
CGGA_P147,122512.3509,68662.07638,22232.58458,29.76249443,90279.56911,2301.632956,49921.62575,23323.87538,38135.67713,49227.16701,2678.624519,23710.78783,158.7333077,1984.166336,69.44582239,104912.7964,2966.328647,17569.79376,29226.77018,14375.28515,19385.30529,91043.4723,4791.761786,2361.157941,6131.074046,4752.078395,22232.58458,5436.615785,6646.956289,7688.644651,19385.30529,14692.75188,2619.099576,2966.328647,48820.41384,863.112359,24812.00011,9077.561099,1369.074779,8323.577808,19385.30529,99.20831682,11349.43152,1488.124759
CGGA_P150,39660.11399,6464.334399,41144.06663,1890.512865,125058.4411,104872.6439,158803.0822,3150.854796,2439.371238,2906.91763,3313.479687,51206.47215,49315.9593,1687.231926,101.6404761,24617.32433,15916.89853,26141.93269,10286.01644,7074.177315,6809.911781,23946.497,2845.933466,264.2652352,14961.47823,5630.882513,41144.06663,1422.966673,13680.80841,10021.75091,6809.911781,6911.552338,1219.685704,15916.89853,117638.6864,691.1552423,23499.27821,2520.683939,40.65618872,833.4519284,6809.911781,325.2495268,19982.51783,20.32809436
CGGA_P153,27601.43534,17756.9233,38181.98607,4508.234426,120894.2849,226055.7548,146287.6073,1748.090895,4600.239327,4968.258362,1196.062095,70107.64558,26589.38264,644.033481,0,72867.78992,3220.16756,10580.55073,15456.80379,1104.057414,5888.306103,29717.54425,460.0240255,460.0239327,4600.239327,3312.172241,38181.98607,828.0430572,10672.55479,7176.373189,5888.306103,3956.205629,460.0239327,3220.16756,47382.46349,276.0143534,3312.172241,2944.153206,0,736.0382861,5888.306103,184.00957,30085.56452,0
CGGA_P156,17141.72244,4139.098678,29684.445,1923.217637,229458.678,99777.3672,297534.3111,177.6885955,2111.358394,982.5133669,1191.558866,46376.72095,55856.92964,616.6839283,0,20538.70984,2895.278734,12939.90874,5341.109888,2884.82639,2738.494538,13117.59698,857.0861061,250.8544896,10441.81747,3470.153479,29684.445,365.8294419,4745.332059,2874.374046,2738.494538,2424.926466,355.3771589,2895.278734,51508.78512,209.0453963,5288.848489,679.3975427,0,553.9702818,2738.494538,125.4272384,30322.03445,41.80908054
CGGA_P157,23146.11469,25170.44464,16309.22716,324.6567212,63804.59292,11935.90893,389664.458,18887.3823,3857.685574,6378.549749,5385.482208,23604.45347,1184.042164,1394.114152,19.09745272,22095.75386,2635.448766,55115.25475,17474.17059,7715.371564,11019.23128,31224.33946,2138.915037,802.0930974,6626.81653,12623.41714,16309.22716,2520.863967,10923.74287,11840.42152,11019.23128,15717.20502,1107.652341,2635.448766,110383.2838,916.6778054,9644.214351,5691.041201,6474.037,8307.392619,11019.23128,133.6821815,14800.52721,19.09745272
CGGA_P158,11254.88617,9233.050383,17522.57645,4043.671664,137619.6261,312238.847,251246.7985,808.7343328,1347.890524,3437.12091,741.3397519,35786.49422,56072.24708,336.9726311,0,16646.44772,673.9452622,6402.480173,15433.3469,539.1562827,1550.074176,34573.39184,336.9726311,471.7617018,4785.011507,1415.285014,17522.57645,404.3671664,3571.910145,1482.679686,1550.074176,943.5234035,471.7617018,673.9452622,21364.06565,673.9452767,1617.468666,336.9726311,0,741.3398066,1550.074176,269.5781103,22307.58869,0
CGGA_P159,42868.31672,37544.47037,37822.01878,25.23149981,58158.60528,1513.889938,142557.9681,3910.882345,16501.4004,46627.81025,1614.815968,18646.07781,2699.770399,3153.937401,100.9259942,22506.49777,7216.208714,61463.93155,58057.6795,10874.77621,17359.27153,69411.85164,6963.893767,1261.57494,14407.18598,9764.59014,37822.01878,2472.686906,10243.98859,14634.26949,17359.27153,9184.265407,1640.047463,7216.208714,138268.6125,984.0284624,10597.22982,3986.576779,4844.447818,5248.15182,17359.27153,277.5464878,23591.45139,1236.343456
CGGA_P160,153118.2642,55655.62988,16977.73322,13.27768532,6514.917733,796.661109,17106.08442,11870.25045,42909.05222,59864.65607,2367.853808,849.7718441,17.70357974,1526.933786,137.2027456,107102.2338,10524.77841,25873.78276,40474.81003,12290.71052,24740.7532,98768.27352,4540.968341,1982.800966,1270.231881,4965.854222,16977.73322,6576.880004,8506.57017,12064.98978,24740.7532,18805.62795,2465.223529,10524.77841,45095.44404,1487.100728,33234.04578,20744.17001,1071.066596,66649.55315,24740.7532,35.40716051,2863.554037,1155.158601
CGGA_P164,65656.14983,34599.22573,26443.69294,0,22901.39153,82.37911193,35093.50044,14910.6187,4201.334644,22571.87583,3048.02712,1235.686636,82.37910979,988.5493004,0,242935.9922,2471.373358,101902.9567,84603.34472,2471.373358,11368.31693,68457.03938,4036.576335,823.7910979,329.5164049,12274.48731,26443.69294,1729.961286,15240.1356,11697.83355,11368.31693,13592.55293,494.2746502,2471.373358,54864.48688,411.8955447,19935.74432,8896.943789,82.37910979,49839.36086,11368.31693,82.37910979,7908.39436,82.37910979
CGGA_P165,6173.786324,4409.847432,15645.37177,6365.518818,104570.9032,410077.4593,294155.9934,575.1974812,1687.245914,153.3859959,536.8509788,33514.84004,2799.29442,115.0394935,0,32594.52362,383.4650234,2952.68072,3566.224407,881.9695133,1648.899425,6327.17201,306.7720457,153.3859959,2914.333962,613.5439565,15645.37177,153.3859959,2147.403915,1648.899425,1648.899425,1150.394935,38.34650234,383.4650234,18214.5876,38.34649829,1572.206448,728.5834231,0,690.2369747,1648.899425,306.7719917,20860.49547,0
CGGA_P17,21705.55052,23190.03389,44474.31387,2567.754613,181066.8214,83472.0856,138859.3572,22628.33754,7943.990681,2246.7853,4092.358975,42528.43584,33862.26399,4954.963973,0,26179.05889,3129.450818,35788.07805,12517.80373,7943.990681,6900.840716,43150.31458,3309.996386,722.1809794,12939.07611,6158.5988,44474.31387,4252.843584,12216.89292,6238.84107,6900.840716,6118.477665,1203.634966,3129.450818,88326.74831,922.7868147,18194.94892,3049.208549,180.5452448,922.7868377,6900.840716,120.3634966,24433.78999,80.24232951
CGGA_P172,29729.54835,10804.64401,48788.67109,3288.36992,129320.1811,309576.5397,112945.4396,5100.328861,2617.274063,805.3150733,1409.30144,41339.50757,9932.219353,469.7671283,67.10958898,41809.27431,7851.82219,22213.27337,9798.000199,1409.30144,4697.671283,22884.36942,402.6576323,469.7671283,2885.712485,1275.082229,48788.67109,872.4246732,21273.74108,3825.246687,4697.671283,5838.534302,469.7671283,7851.82219,55365.41077,402.6575421,2550.164458,1543.52065,0,603.9863118,4697.671283,0,19327.56198,0
CGGA_P173,22418.27464,30265.92022,36938.91856,899.730079,132235.3276,38488.45338,76676.99781,22068.37943,3973.807925,3798.860346,3623.912961,42787.16375,9347.195822,3398.980296,49.98500249,24042.78906,6148.155409,50409.87662,14970.50867,14170.74896,23917.82476,36039.18712,3923.822791,1699.490173,21343.59669,13021.0938,36938.91856,5448.365477,21643.50847,16470.05879,23917.82476,24917.52452,3099.070272,6148.155409,149955.0124,1674.497644,26467.05978,6048.185628,224.9325185,3074.077753,23917.82476,149.9550124,12646.20627,599.8200543
CGGA_P174,41374.23237,12391.90364,19629.65382,1848.602577,208531.7704,69103.27092,280877.9298,2725.9055,4950.495102,1441.283376,2584.910437,40700.58893,18768.016,1378.618855,0,41891.21487,2898.232873,19958.64094,6000.125466,5028.825711,5279.483591,23029.20109,1832.936455,1206.291515,14491.16437,5326.482093,19629.65382,1801.604208,10245.64338,7316.079766,5279.483591,12297.90697,1848.602577,2898.232873,60925.55524,391.6530893,12720.89247,1394.284908,31.332247,3571.876179,5279.483591,469.9837051,20569.6201,78.33061921
CGGA_P175,52873.90466,43739.78894,30447.05155,1188.17763,31338.18622,39581.16735,178523.6887,32006.53495,3564.532928,11881.7763,3416.010744,5718.104851,2005.049752,3713.055085,148.5222045,85103.22241,16263.18132,37576.11845,55250.25986,9134.115465,25174.51364,41883.26151,1262.438691,1708.005346,2599.138604,10025.24883,30447.05155,7203.32689,15891.87547,8837.071097,25174.51364,10099.50979,1856.527556,16263.18132,75226.49681,371.3055085,29184.61312,4678.449435,1708.005346,14852.22039,25174.51364,74.26110223,6757.760266,74.26110223
CGGA_P176,23680.59742,11894.29342,20610.60425,3933.910308,139029.0176,132611.3452,355610.065,539.9484881,2406.627563,1357.584718,1095.324007,63837.33673,21119.69888,632.5110572,0,27629.93435,1465.574562,13961.5254,5738.880817,3285.972021,2221.502285,21628.79345,1002.761543,308.5419783,13514.13899,2699.742266,20610.60425,138.843892,8423.196819,5106.369829,2221.502285,2545.47126,462.8129848,1465.574562,51958.47041,185.1251904,3316.826292,1218.740743,0,231.406475,2221.502285,632.5110711,27367.67391,77.13549631
CGGA_P177,30287.17698,10762.13073,29016.64753,3699.482448,114683.9552,116627.1183,241064.2562,1289.213576,6969.227077,5156.854306,1999.215194,40526.14862,31987.44418,2055.268033,0,32398.49658,3811.587965,25092.95591,10556.60399,6969.227077,8108.966678,35705.60911,1980.530877,1662.898684,16535.56562,6558.173598,29016.64753,4857.906243,12070.02843,12630.55607,8108.966678,8108.966678,1139.739526,3811.587965,80566.5074,411.0536066,15806.8795,4260.010079,56.05276419,2017.899511,8108.966678,261.5795675,23261.89733,0
CGGA_P178,47694.00312,29592.31866,29749.72449,4564.772566,69888.24078,239729.2627,63119.78524,10861.01059,12749.88193,16055.40697,1574.059378,43601.44831,17944.27836,472.2178402,0,76027.0746,3148.119024,18416.49612,23138.67478,1888.871307,19046.11997,60129.07338,2046.277406,944.4357071,2203.683236,4092.554811,29749.72449,1416.653555,8657.326046,8657.327382,19046.11997,12277.66417,944.4357071,3148.119024,62017.94389,157.4059512,5666.614189,3777.742882,1259.247604,3935.148766,19046.11997,0,21249.80321,314.8119024
CGGA_P179,5204.870232,8552.496018,29876.4114,4218.925551,213307.9596,139385.0458,160708.9645,985.9445538,11716.68998,642.0104108,2453.396664,70208.4241,21942.99866,2017.746983,22.92894286,10226.3113,4517.00184,19604.24546,7383.119963,5181.941321,4264.783288,37397.10801,1673.812627,252.2183927,11854.26345,8070.987825,29876.4114,275.1473197,11189.32238,5548.804428,4264.783288,4150.138733,619.0814467,4517.00184,109600.3486,298.0762626,7360.190522,2682.686305,137.5736572,664.9393749,4264.783288,160.5026001,32696.67276,22.92894286
CGGA_P18,82516.67451,108003.6603,41860.29742,144.4703951,41113.86565,13700.60922,41282.41559,51046.2066,53442.00745,58317.88321,2744.937649,3274.662307,2142.977541,505.6463787,24.07840063,127747.9469,9535.046039,27497.53115,51359.22573,6428.932611,6127.952747,49011.58101,3972.935874,613.99917,7488.382331,3984.975114,41860.29742,1468.782361,15807.46939,3756.230406,6127.952747,15482.41075,1107.606366,9535.046039,79326.2864,878.8615769,12159.59157,2106.859911,60.1959987,2010.546332,6127.952747,60.1959987,7825.479917,409.3327877
CGGA_P180,29114.67613,20598.13809,30501.09013,198.0590216,33736.05177,4489.337817,157588.9609,9374.793664,10761.20683,7790.32151,5215.554344,2244.668892,264.0786955,2310.688585,198.0590216,101142.1387,4027.200125,60804.1208,89522.67769,6734.006709,10959.26598,37433.15535,3631.082159,1254.373816,2838.845906,15580.64289,30501.09013,7526.242808,24361.25957,12873.83631,10959.26598,12807.81681,1188.354123,4027.200125,99425.62973,330.0983693,58559.45073,19343.76437,858.2557571,36971.0173,10959.26598,66.01967387,20136.00063,792.2360864
CGGA_P183,21599.49158,8346.862438,32558.05847,1588.197916,288240.2768,93138.98462,222083.0097,1023.505334,5311.639773,317.6395833,952.918879,72492.41166,9617.420728,794.0989798,35.29328751,26381.73025,935.2720179,7940.988506,3317.569,4694.007381,1305.851797,30511.04669,882.3322954,282.3462915,13552.62234,6793.957598,32558.05847,282.3462958,9176.255872,2364.650121,1305.851797,2047.010495,652.9258125,935.2720179,53822.26356,105.8798625,6882.191043,1111.738477,52.93992911,882.3321662,1305.851797,423.5194458,31005.15277,388.2261583
CGGA_P19,30882.92634,6000.305261,33798.32917,2186.551853,112412.4956,68783.15827,324813.1263,5051.104275,5796.904751,5508.754674,2152.651976,39527.43347,20899.36771,1542.45129,0,24391.07141,4729.054088,17831.41389,9102.157571,7898.706695,7780.05675,28103.12487,2034.001647,559.3504624,10186.9585,2728.952206,33798.32917,1644.151392,14085.46143,8390.257129,7780.05675,5779.954868,932.2507963,4729.054088,102717.0868,711.9006032,14238.01191,3203.552757,50.85004309,2966.25252,7780.05675,288.1502454,15949.96349,254.2502154
CGGA_P205,37851.51322,23353.11865,15763.35602,389.2186434,24715.3832,16931.01102,80762.86884,13817.26185,19655.54153,57604.35928,3405.663202,3794.881778,1556.874576,1848.788561,97.30466084,113068.0169,2627.22576,37948.8168,59258.5385,4767.928483,14693.00368,34640.4584,1848.788561,778.4372965,778.437199,10022.38,15763.35602,4378.709743,15276.83079,10703.51264,14693.00368,6811.326161,1070.351264,2627.22576,79400.60404,681.1326259,16249.87833,13525.34776,681.1326259,213194.5121,14693.00368,97.30466084,6519.412242,1654.179237
CGGA_P23,39520.84523,8771.929857,36691.18958,1037.540087,110262.2158,47538.2003,81022.44764,21599.69817,2829.654764,47349.55667,2075.08012,13865.30843,2829.654782,2075.08018,0,70364.08236,3206.942085,26127.14636,50556.49872,3584.229407,11884.55019,187417.4682,3112.620329,1509.149227,3395.585597,6885.493248,36691.18958,754.5746076,10281.08004,14714.20495,11884.55019,8866.251613,1226.183751,3206.942085,87436.3324,471.6091312,5282.022206,3018.298573,471.6091312,13393.69929,11884.55019,0,4810.413128,94.32182744
CGGA_P25,66698.83006,25610.09931,18735.17511,0,11900.45403,120.6127091,2774.092407,28987.25526,24283.35943,113295.5414,2050.416079,2291.641534,6955.333094,2693.683918,40.20423719,216137.9812,9367.58731,21428.85907,78478.67168,6151.24836,18413.54074,93836.68998,3859.606838,1045.310174,1849.394978,5186.34659,18735.17511,2251.437302,17569.25151,8724.319544,18413.54074,11257.18651,522.6550931,9367.58731,54476.74142,522.6550883,12222.08816,21147.42892,482.4508499,40244.44177,18413.54074,0,3296.747512,160.81695
CGGA_P265,76032.2253,31002.73336,17551.43225,0,21076.10455,2157.962868,298733.9946,431.5925736,21004.17211,53949.07193,935.1171788,215.7962981,0,1510.574019,143.864192,119263.4151,2373.759166,37620.48627,62149.33092,4819.450319,12731.98102,45533.01608,2877.283749,575.4567723,2301.82718,6761.617115,17551.43225,1007.049344,17047.90699,6258.092306,12731.98102,8128.32689,359.6604742,2373.759166,51791.10929,359.6604788,5251.042915,8703.783685,143.864192,18918.14123,12731.98102,71.93209485,14674.14759,143.864192
CGGA_P27,10202.10201,5173.807499,23039.61222,4494.745343,172966.8546,158011.3175,228116.4106,727.5667076,1228.779393,2764.753429,1131.770484,88488.27798,51156.02256,258.6903749,0,13241.71388,3136.620777,18075.99019,6758.286102,3912.692052,3330.638596,16410.67258,1228.779393,80.8407328,13193.20942,3379.143051,23039.61222,339.5311227,6580.435935,4187.550379,3330.638596,5561.843136,404.2037015,3136.620777,82101.85912,210.1859353,8164.915287,1438.965239,129.3451912,986.2570826,3330.638596,16.16815031,26354.08242,177.8496346
CGGA_P271,12539.56681,19965.91195,36523.0089,4504.504515,141100.5619,225833.9426,115899.6858,2678.354028,3895.787616,1217.433672,1339.176993,53080.10728,20452.88537,852.2035409,0,34209.885,9495.982313,44192.84076,21183.34558,1947.893808,5600.194697,11443.87612,973.9469039,486.9734519,9982.955765,9982.955765,36523.0089,608.7168276,23374.72569,5965.424786,5600.194697,12539.56681,121.743363,9495.982313,78767.95585,121.7433672,8400.292046,1460.920356,121.7433672,852.2035409,5600.194697,608.7168276,20452.8854,0
CGGA_P28,148158.6233,53362.55841,29888.28427,90.90725348,11434.11309,2272.681371,61928.04127,25544.93852,39615.36142,12423.99146,2565.604776,3191.854709,1696.935418,5161.511894,111.1088666,116310.7829,7595.80607,39605.2615,31292.29725,12979.53582,10050.30199,43191.04561,3080.745761,1070.685431,3151.451541,6575.624701,29888.28427,4353.447411,15908.76896,5939.274033,10050.30199,17151.16873,1676.733802,7595.80607,76412.59786,898.9717384,77493.38396,9989.69726,1818.14509,50302.01416,10050.30199,10.10080544,6999.858706,1111.088666
CGGA_P83,20107.84957,8810.238298,33304.2179,645.5777932,77184.52225,73975.62003,243515.7424,664.5653877,1765.844966,3797.516421,5449.435909,28804.16211,12569.77938,1063.304604,417.7268072,36418.18264,15303.99117,28614.28664,26411.72677,4632.970068,18645.80583,18076.17645,2449.397921,968.3666919,7481.107443,9778.604752,33304.2179,5202.597507,9171.00111,11829.26361,18645.80583,14373.59977,2107.621602,15303.99117,110944.4432,968.3666879,42057.49461,4651.957793,37.97516501,740.5156938,18645.80583,151.9006561,30987.73406,18.9875825
CGGA_P84,9282.572888,6915.768531,20310.87287,2299.660936,270755.7001,103199.3828,129066.3709,14972.97487,3491.456087,1393.225233,1493.940431,86967.46943,7301.84312,1225.366774,50.35753773,10356.86851,18195.85746,16500.48571,8107.563903,5925.403706,7872.561725,24205.19195,1779.299865,671.4338364,18733.00431,5958.975337,20310.87287,2719.307095,11699.73374,7150.770328,7872.561725,28619.8677,1091.080022,18195.85746,83744.58539,486.7895429,9635.075583,1359.653526,33.57169182,1191.795067,7872.561725,151.072617,20780.8776,50.35753773
CGGA_P86,5583.088413,6320.941537,13527.30682,1328.135566,215600.6739,44246.59046,431570.2751,61.48775579,946.9115328,2594.783382,676.3653412,38577.4192,47284.0857,479.6045172,0,3775.348464,1401.920799,5472.409411,8005.705919,3062.090398,1660.169324,51477.55028,2053.691082,159.8681816,15064.50058,1242.052783,13527.30682,553.3898186,4771.450114,2570.188407,1660.169324,1820.037615,430.4142905,1401.920799,37482.93818,282.8436849,3283.446198,344.3313663,12.29755116,1401.920882,1660.169324,479.6045117,26070.80939,73.7853097
CGGA_P89,93461.07524,46904.49652,15321.27587,122.4155817,8427.346467,4297.431217,7725.067595,40306.94102,18227.03585,31563.89131,1539.859146,6391.381946,1746.032772,1610.731345,45.10047754,165022.6476,16667.84795,38928.15443,60879.20164,6906.815925,19702.46578,41189.62223,2351.667704,895.5666289,2093.950685,4967.495392,15321.27587,3504.951393,17002.87968,9438.885644,19702.46578,31699.19271,876.2378489,16667.84795,62322.41659,1391.671876,28439.07255,14651.21227,805.3656695,117274.1273,19702.46578,141.7443573,3691.79623,70.87217941
CGGA_P93,34497.4596,14637.43918,29328.16811,2433.651891,183838.4205,109283.4047,172416.2432,5933.136747,4387.678922,5204.817565,2966.568427,39897.67991,3392.901544,1243.471755,35.52776596,37961.41778,3108.679477,25793.15871,12807.75914,7762.816528,9326.038431,37854.83467,2877.748932,923.7218935,9645.788113,3748.1792,29328.16811,1971.790948,11333.35745,11137.95413,9326.038431,14744.02228,2060.610361,3108.679477,99477.74183,763.8469449,19415.92366,4742.956546,71.05552834,2913.27673,9326.038431,248.6943546,18527.72942,195.4027074
