,ZFP36,GADD45B,PNRC1,KIF21B,ELFN2,CSPG5,CP,ATF3,RGS1,CD40,ARPP21,SPHKAP,MBOAT1,JUNB,OLFML2B,TNFRSF1A,CEBPD,TNFAIP3,FCGR2A,SGK1,PRDM1,STX11,ARMCX4,C1orf85,PNRC1.1,FPR3,TRAM2,LCP2,FCGR2A.1,GBP2,CCRL2,OLFML2B.1,CAP1,KYNU,HMOX1,PLAUR,SERPINA5,SERPINE1,FCGR2A.2,SPIRE2,CXCL1
CGGA_1001,184585.9859,76007.83514,19584.1633,522.8334628,248.5299911,4493.790432,19007.94191,13753.83381,39334.01326,2862.697305,1097.213887,3.681925794,211.7107332,161747.0002,22227.78602,34264.00144,31222.73074,3630.378833,46476.9493,29236.33177,1980.876077,1623.729275,631.4502738,10077.4309,19584.1633,6099.110079,1121.146404,12225.8346,46476.9493,14223.27934,1809.666528,22227.78602,28159.36848,1400.972765,47765.62333,17870.22684,949.936855,28013.93241,46476.9493,324.0094699,438.1491695
CGGA_1006,60248.77675,25711.42234,23252.28859,1195.880109,631.626818,15866.46567,5625.689526,32507.7269,12918.87385,6577.340598,2223.326399,943.2293816,2240.169781,158302.524,12969.404,64493.30897,39371.40499,4791.942126,17096.03254,38091.30797,4017.146563,1962.253981,6880.521471,27294.70023,23252.28859,4076.098399,5516.207544,12337.77718,17096.03254,20035.20267,4640.35169,12969.404,179828.3659,1608.542963,27294.70023,24347.10841,1532.747745,77900.64089,17096.03254,4379.279272,875.8558543
CGGA_1007,49240.69541,24770.7564,33816.02423,13941.33024,2053.856686,39749.38799,13329.32243,10870.91822,27789.30335,7821.25223,2987.427908,186.7142442,1410.729845,57912.53475,6887.681009,63679.93029,35641.67462,8516.244139,19522.01153,66200.57259,4979.046513,1877.515456,5487.324177,36035.84913,33816.02423,746.8569769,5196.879798,26316.33542,19522.01153,24667.02626,2624.372433,6887.681009,151518.6092,1089.166425,28899.2158,15113.48077,92019.00336,30444.79482,19522.01153,5912.617734,995.8093025
CGGA_1011,153386.6577,59495.00393,20199.1385,1162.286958,225.4132282,7054.729627,22527.2345,49608.52062,115925.7968,1105.933651,2345.706406,56.35330706,943.9178932,89686.28818,5018.96641,28905.72444,11978.59983,6367.923698,26313.47231,64376.60915,2764.834128,1919.534522,1813.872071,15236.5254,20199.1385,2937.41613,2785.966618,15676.78561,26313.47231,32473.59319,1711.731702,5018.96641,61576.55421,1334.868961,27401.79556,7332.974081,6065.024672,73100.8055,26313.47231,630.4526227,707.9384199
CGGA_1015,111335.0974,16252.33186,17659.50667,1016.889678,250.6418221,325.8343687,4006.688556,24684.63888,49687.95093,3179.570543,103.8373263,3.580597458,2162.680865,80964.46973,70312.19229,76553.17366,11382.71932,11128.4969,33997.77287,19976.15322,2166.261462,1493.10914,1303.337475,26764.966,17659.50667,6377.044074,10935.14464,32891.36825,33997.77287,33113.3653,1357.046437,70312.19229,66094.24849,1937.103225,31484.19345,27570.60043,1002.567288,62406.2331,33997.77287,1890.555458,261.3836145
CGGA_1034,208724.3728,117159.2802,13830.01534,2606.013624,808.1940985,29886.68789,25952.92682,18295.70008,130828.4814,1942.1399,4115.1924,989.6254268,762.8362665,127463.755,2131.818107,26472.48017,22621.18788,5995.480711,12193.00995,38789.19329,667.9971631,1434.956869,4836.794273,6061.455739,13830.01534,1418.463112,2622.507381,23660.29458,12193.00995,16551.48526,1476.191262,2131.818107,56627.19161,977.2551089,25816.85332,8230.384799,960.7613518,13236.24008,12193.00995,1773.07889,1731.844497
CGGA_1035,18730.02052,20391.00148,20692.18474,712.7009876,146.1186125,1004.938213,41396.29753,16243.02209,7711.484327,2334.915788,325.0393626,149.100625,471.1579751,47464.69297,10985.73405,34648.00324,18733.00253,12303.78358,45335.53605,6599.193664,1431.366,1473.114175,1180.87695,12655.66105,20692.18474,4496.874851,1971.110263,13102.96293,45335.53605,9202.490577,1541.700463,10985.73405,47482.58505,3447.206451,307010.115,34290.16174,477.1220001,111479.5553,45335.53605,1541.700463,18488.4775
CGGA_1171,68260.92035,29187.10582,33105.58281,3007.474889,99.27587012,8251.576734,37543.79818,7871.992525,14821.30343,8812.193413,2400.140154,332.8661528,2365.101612,50245.2698,9454.56669,54303.90096,27709.64728,9016.58491,47494.74422,40849.10068,1716.888577,1261.387526,4011.913104,28392.89886,33105.58281,7959.588881,2768.044849,30080.58865,47494.74422,23487.50292,4911.235693,9454.56669,101991.3572,3784.162579,174380.9858,10523.24223,1109.553843,8368.371876,47494.74422,1325.624854,1243.868255
CGGA_1338,34501.94185,15681.74661,19093.10381,2923.270704,514.3277002,14805.29023,41487.35174,14458.90627,49165.52955,3579.300934,4707.67293,692.7679227,629.7890207,71528.28802,34648.89262,38259.68301,43114.30671,7919.596935,33457.54172,26073.26546,2419.439488,1228.08859,3589.797418,23774.53553,19093.10381,9068.961898,4062.139183,17277.21213,33457.54172,34244.778,3043.980267,34648.89262,79285.18946,4335.047759,120688.5693,50241.41912,1411.777055,36522.51496,33457.54172,2052.062559,28854.83363
CGGA_1340,50261.42221,30400.72422,47536.3497,20525.80043,19832.98539,128595.7101,9579.322704,6946.625529,186145.5466,609.6772406,19574.33444,1838.269256,1256.304617,56090.30613,9015.833133,25772.71971,24895.15399,4507.916567,6050.584736,110102.1671,1108.504074,434.1640956,9810.261053,12729.32178,47536.3497,443.4016295,4101.465073,13172.72341,6050.584736,2706.597447,775.9528516,9015.833133,99414.34035,387.9764258,11842.51852,2013.782401,2429.471428,3094.573873,6050.584736,7002.050733,341.7887561
CGGA_1408,44132.51651,21328.73372,43751.85868,12228.63261,3378.338191,102730.0303,6792.363052,16320.70422,11491.10807,8077.083209,10991.49468,11.89555701,2069.82692,42693.15411,6471.183013,90965.32445,21875.92934,12692.55933,43882.70981,26883.95884,2854.933682,3342.65152,8541.009933,39445.66704,43751.85868,8338.785464,2747.873669,52602.1531,43882.70981,21733.18266,3425.920419,6471.183013,121941.3549,3699.51823,39481.35371,9849.521204,892.1667757,5079.402843,43882.70981,9135.787783,130.8511271
CGGA_235,32981.73942,18137.31533,61314.69123,28280.12467,18912.11326,320449.3828,968.4974203,6057.511138,8663.64965,1919.385797,45748.29632,14439.41608,968.4974203,24881.57918,3028.755569,15513.56777,12766.5569,3222.455053,5141.840849,86988.67738,3187.236965,422.6170561,26219.86652,16922.29129,61314.69123,739.5798482,2975.928437,10248.46361,5141.840849,7747.979362,810.0160242,3028.755569,110690.4506,158.481396,17327.2993,1285.460212,0,528.2713202,5141.840849,15443.13159,281.7447041
CGGA_276,32077.90848,14538.02925,80439.10782,22217.18036,12496.07316,120841.9142,3176.376139,27644.94398,10139.96998,4642.395895,23369.05302,8935.739467,3473.070613,35289.18985,3804.67032,30385.00471,6684.351984,4066.459562,16649.7958,176864.812,2582.98719,1291.493595,13106.91473,24049.70505,80439.10782,2530.629341,2216.482251,10628.64323,16649.7958,7487.172327,3158.923523,3804.67032,143984.0832,1413.661908,16126.21732,3019.302593,1535.830221,1308.946211,16649.7958,9668.749346,610.8415652
CGGA_330,176656.7745,61402.25265,34327.98234,1782.566402,64.19214189,6132.818479,15159.2212,24881.86177,71806.31749,2903.459956,2310.917108,24.68928534,1372.724265,86091.53799,4014.477797,49427.94926,19000.874,5021.800639,47265.16786,45522.10432,3451.562091,1427.040693,2133.154254,13485.28765,34327.98234,6952.502753,3061.471383,19242.829,47265.16786,32812.06022,2404.736393,4014.477797,64641.48689,1950.453542,31197.38096,14428.41836,3579.946375,5604.467773,47265.16786,2187.470681,3397.245663
CGGA_426,82371.9222,92895.42171,16364.93356,421.5885782,20.26868164,4499.647325,46451.76459,15456.89662,23994.06533,1232.335844,587.7917677,60.80604493,510.7707774,101250.1723,8581.759808,109892.7381,53971.44548,5484.705253,31258.36083,25198.02502,2249.823662,1313.410571,1370.162879,8865.521351,16364.93356,3145.699391,2643.036086,10612.68171,31258.36083,30273.3029,729.6725392,8581.759808,56156.40936,1755.26783,71974.08852,19466.04185,360.7825333,77584.4596,31258.36083,1293.141889,2237.662453
CGGA_483,76485.47649,15197.91807,12607.40894,1075.081127,19.83544515,8084.927442,8255.51227,20006.02998,169255.8534,5700.706935,337.2025675,3.967089029,1356.744448,48442.12414,21553.1947,44157.66799,8092.86162,8009.55275,33966.21627,24151.63801,2669.850917,2364.385062,2197.767322,20609.02751,12607.40894,9203.646548,3665.590263,15900.09283,33966.21627,15586.6928,1598.736879,21553.1947,73704.54708,2277.109103,22652.07836,41602.86265,670.438046,173591.8817,33966.21627,2638.114205,214.2228076
CGGA_493,73629.89996,27735.48103,53268.73466,25155.72894,23809.22419,142175.8007,2340.653118,11287.98842,66041.65356,1573.019568,28402.44133,8431.384886,1119.989933,51230.1013,2239.979865,28616.37199,11602.59234,1925.375952,9199.018436,159680.3624,868.3068017,1812.118543,12483.48329,13490.21582,53268.73466,113.2574089,2441.32637,9148.68181,9199.018436,7034.54351,893.4751148,2239.979865,104851.1923,176.1781917,16648.83911,2856.603536,264.2672875,9752.721324,9199.018436,9513.622349,4278.613226
CGGA_525,116529.5017,56983.53228,24301.56756,1322.80371,122.7751947,2103.02027,16574.65128,3378.298098,63629.23475,3231.759963,3251.562413,43.56539165,673.2833255,76077.0553,23747.09894,65177.7864,35719.66067,7576.417657,64021.32328,26816.47881,2708.975263,1211.909986,1564.393609,22855.98866,24301.56756,5817.960031,3469.389372,26044.18323,64021.32328,16055.82707,2110.94125,23747.09894,61106.40253,1790.141548,48543.72777,17489.5245,4443.669949,15089.46747,64021.32328,1152.502634,1172.305084
CGGA_541,67020.35731,46060.1676,54379.93609,25120.07395,25401.41878,116054.7417,2069.894094,10490.14288,14167.72171,6571.411346,110427.8451,10771.48771,864.130544,55324.45088,6129.298045,25501.89908,30525.91387,4943.630554,6089.105926,67301.70214,5003.918732,2029.701975,15594.54191,20437.69217,54379.93609,2210.566508,1426.820201,14328.49018,6089.105926,5506.320211,2813.448283,6129.298045,119169.6308,984.706899,8118.807902,5365.647796,2250.758626,5787.665039,6089.105926,26426.3178,4642.189667
CGGA_789,158593.2639,41547.17335,16331.04254,1873.655157,1929.273863,16921.99129,25428.17713,10310.31762,90178.77938,3973.261307,4202.688469,291.9982063,656.9959642,80615.83812,13139.91928,50957.16317,30924.00051,5123.873287,47133.37713,27531.25945,1877.131326,1275.754068,1647.704164,20060.97201,16331.04254,5221.206022,1327.896605,9733.273543,47133.37713,12177.02044,1797.179436,13139.91928,46424.23863,2384.652018,89959.78072,20787.49135,1303.563421,28786.1565,47133.37713,1675.513517,2158.701025
CGGA_791,42059.09069,54776.01951,54799.92351,10959.9847,8497.872544,109336.903,12979.87283,27931.82579,39310.13052,3322.656213,21382.12937,3525.840226,1649.376106,40816.08261,3466.080222,37266.33839,34875.93823,6944.112444,21035.52135,86556.38954,1876.46412,848.5920543,7302.672467,23975.71353,54799.92351,3430.22422,4242.960272,14700.96094,21035.52135,19218.81723,1804.752116,3466.080222,153559.3058,1888.416121,19469.80925,3011.904193,3071.664197,12645.21681,21035.52135,6167.232395,956.1600612
CGGA_837,67949.9966,65099.62146,25200.03627,4431.398327,2261.033162,45016.66024,4216.061836,34170.50117,38069.22502,918.0134642,1513.022191,39.66724845,294.6709885,73021.73765,4652.401569,58282.52148,37700.88628,5944.420518,21901.9879,27336.40093,861.3459664,1252.351701,3343.38237,10585.48859,25200.03627,3275.381372,1819.026679,6397.7605,21901.9879,32187.13874,759.3444704,4652.401569,67082.98388,2204.365664,218526.8717,17476.25632,226.6699912,38635.89999,21901.9879,2601.038149,1088.015958
CGGA_871,13259.36052,11401.19188,38756.08882,37495.18867,47476.20881,408876.7371,9874.839069,5760.32279,2827.070863,2853.616129,54165.61592,11255.19292,1048.538019,16524.42828,3251.795124,17918.05476,2986.34246,5189.599565,13869.90165,38172.09296,2335.983436,1234.354884,22364.38687,19670.04234,38756.08882,4247.24261,1897.986542,9131.571612,13869.90165,8441.394688,3079.250893,3251.795124,72229.66964,1313.990683,19816.0413,2906.706662,650.3590247,796.3579895,13869.90165,16776.60831,398.1789947
CGGA_342,67774.01954,140854.2796,22400.63373,1948.974588,647.5625244,42110.42513,14862.50299,5903.506897,67880.89879,3130.93337,2539.953979,182.3234292,440.091036,49535.38961,3099.498296,51905.59419,49208.46484,2703.416364,23060.77029,39840.81279,1200.819827,1018.496398,1395.717286,22526.37403,22400.63373,3709.338732,1722.642055,12027.05931,23060.77029,40739.8559,1527.744596,3099.498296,93041.53202,3589.885451,119402.9851,10794.80441,1005.922368,21495.3036,23060.77029,2043.27981,1106.514605
CGGA_1027,15821.7205,78889.26258,35584.24847,8817.465308,8159.445509,20296.25514,3436.325617,94513.57714,10418.64682,2273.823972,14315.5863,979.7183675,314.3872373,70788.30772,4342.930674,46580.49044,10601.4301,8386.096773,16706.39157,19989.17923,826.1804144,584.9064881,5322.649041,10988.93064,35584.24847,3531.372922,2339.625952,6521.707342,16706.39157,46755.96239,906.6050565,4342.930674,60596.31216,1615.804173,262842.3531,9541.287087,1001.652361,32462.31009,16706.39157,5563.922968,4043.166099
CGGA_1307,47236.12831,20975.42256,40180.36247,7648.833923,2407.158681,62498.9098,59507.40463,18515.93434,84669.19011,4090.425439,9637.356312,235.4829144,1779.204242,42892.77678,10073.43578,55251.26899,25693.80244,9105.339357,25946.72853,48849.62236,1674.545169,1709.431527,7980.254322,18446.16163,40180.36247,3636.902789,6218.493258,17399.5709,25946.72853,58940.50132,1779.204242,10073.43578,146636.083,3043.834708,27324.73966,8747.754191,627.9544384,12009.62863,25946.72853,3881.107293,601.7896701
CGGA_1314,62358.87161,34443.27831,42998.44162,3728.969882,1558.375473,51267.37271,30650.70127,10598.5434,92659.73349,5056.769392,993.8619089,47.70537162,1526.571892,155614.9222,22167.09602,53986.57889,42314.66463,3410.934071,15941.54502,36112.96632,691.7278886,882.5493751,6845.720828,26643.45005,42998.44162,4388.894189,4555.86299,12816.84318,15941.54502,45002.06723,1455.013835,22167.09602,68862.70394,1812.804122,27239.7672,5971.122348,3013.389308,16673.02738,15941.54502,8268.931082,389.5938683
CGGA_1409,73856.92652,160315.1007,28752.2403,17081.84559,7189.796741,55476.05485,3834.558262,58504.80014,76468.872,916.9595843,12712.39424,1062.839518,465.4264557,174097.2811,6133.903886,8044.236353,21972.29671,3112.105256,8780.582686,54503.52196,1389.332704,3334.398488,10503.35524,9204.329161,28752.2403,910.0129208,1938.119121,11184.12826,8780.582686,15553.57962,1576.892618,6133.903886,80831.37669,527.9464273,14990.89987,3223.251872,55.57330814,10149.0754,8780.582686,8217.902941,680.7730247
CGGA_236,24142.4404,73131.47571,37811.97957,23494.17117,6046.787155,339123.0482,547.6757313,17704.45629,3979.031843,5364.986755,19939.86744,1296.538466,581.2068985,41388.63741,6627.994054,34894.76802,10159.94367,6583.285831,5331.455588,62848.58443,3241.346165,570.0298427,11177.05574,19034.52593,37811.97957,3565.480781,3107.221496,11378.24274,5331.455588,6650.348165,1072.997351,6627.994054,78015.84907,245.8952263,43981.71434,4515.530519,1229.476131,21035.2189,5331.455588,12160.63665,2917.211548
CGGA_256,61093.01379,42376.82508,53690.88477,18454.42383,5133.500087,36254.43546,16651.15467,9743.470421,5380.722471,4304.577977,30946.42546,5220.755046,538.0722471,71156.41906,15429.58525,78922.11041,12971.9039,7198.534117,25842.01035,19748.70572,1948.694084,1279.739399,11910.3019,15225.99034,53690.88477,3097.551044,5220.755046,16738.40963,25842.01035,85538.9448,1875.981618,15429.58525,157320.6911,1774.184166,30350.18324,7154.906637,465.3597813,11619.45204,25842.01035,6136.932116,479.9022744
CGGA_273,57374.79668,81943.83583,21405.06978,21382.7883,6632.452225,155933.1853,1359.169941,28750.52919,55250.62945,1708.246374,18374.78925,7947.059217,267.3776933,172495.748,6209.10421,17817.75239,16718.53299,7508.856886,23752.05175,25720.24866,2681.204091,6387.356006,11690.34692,8964.579883,21405.06978,5421.825447,1314.606992,11044.18416,23752.05175,13859.0771,4404.304781,6209.10421,83406.98598,1002.66635,13569.41793,16087.22455,1396.305732,2592.078193,23752.05175,6988.955816,5518.378503
CGGA_300,83769.7934,30951.76289,46496.35817,28722.38086,20186.59622,136465.666,4962.665486,15666.7532,19316.22104,4489.303547,27103.78842,2580.586053,3252.454611,108415.1537,6031.547283,29317.90072,8077.692437,3664.73759,16170.65461,72012.09363,977.2633572,549.7106384,15620.94398,19789.58298,46496.35817,1435.355556,2840.171632,10230.72577,16170.65461,5802.501183,1282.658156,6031.547283,144375.3913,458.0921987,22843.53097,6764.494801,916.1843974,1297.927896,16170.65461,11421.76549,870.3751775
CGGA_337,62466.33067,54888.48718,48926.77146,14006.44057,17873.17587,82087.31878,48160.60719,19740.70128,13132.53445,5099.780925,30586.71423,2334.406761,1029.533238,81440.86768,6356.769181,48579.60327,10977.69744,7661.642704,36823.77025,20602.63608,2142.865694,1532.328541,14940.20327,17262.63872,48926.77146,3866.735302,2537.919146,22015.25146,36823.77025,36524.48733,873.9061209,6356.769181,93100.93017,1364.730107,19501.27495,6979.277651,16053.53573,6284.941281,36823.77025,10307.3037,3004.800498
CGGA_479,62123.68382,52291.26502,49251.07519,23194.42385,1186.415542,172979.386,4790.152751,21919.02714,17633.10099,4523.209254,12991.25019,3811.359929,4300.75634,90345.54353,6910.870532,41435.56281,15438.23224,4538.039448,21281.32879,44193.97894,1319.887291,1898.264867,16298.38351,23224.08424,49251.07519,4107.963814,4271.095951,14177.66573,21281.32879,20272.87557,3529.586238,6910.870532,104478.7187,1349.547679,24247.36764,6940.530921,311.4340798,4493.548865,21281.32879,12902.26902,2313.510307
CGGA_485,34455.89012,58729.52985,50871.63233,20760.69731,8505.018489,260921.8172,36634.97095,7157.950343,51954.56947,2879.027998,22754.88642,3354.463814,633.9144216,32593.76651,1426.307448,41045.9588,21671.94929,3948.758584,13285.78975,61767.03645,4292.128896,1624.405705,12836.76704,12942.41944,50871.63233,2971.473851,1677.231907,11304.80718,13285.78975,8386.159535,964.0781828,1426.307448,88444.26836,1888.536714,15425.25092,2469.624934,105.6524036,9310.618067,13285.78975,8610.670893,2522.451136
CGGA_491,37695.33749,27414.79091,55071.30974,28410.1412,8119.214526,191590.712,2417.279281,12143.27356,43923.38647,3014.489456,15826.06965,4379.541286,2431.498571,41264.37926,3526.383892,15811.85036,13664.73758,8958.15263,14162.41273,89652.62275,2061.797034,1165.981771,16281.08692,19537.30431,55071.30974,2900.735137,6526.654059,22622.89021,14162.41273,11290.11617,1407.709699,3526.383892,152274.3754,1265.5168,24115.91565,4493.295605,170.6314787,10636.02884,14162.41273,16252.64834,597.2101753
CGGA_502,36847.58603,28322.2905,61187.59083,10127.36448,12187.16743,77711.78779,2849.394075,4954.970419,150354.1717,2849.394075,32487.66979,7598.384199,675.1576321,19911.42847,7758.591095,35291.29047,33746.43826,4634.556627,23802.16737,90345.24586,1865.266001,457.7339879,12976.75856,10504.99502,61187.59083,1727.945804,2643.41378,16650.07381,23802.16737,27532.69937,1842.379301,7758.591095,131106.4575,1293.098516,16432.65017,2265.78324,34.33004909,2082.689645,23802.16737,10093.03443,297.5270921
CGGA_510,39469.60565,65851.55846,52436.71431,30187.70449,19907.00878,167229.2061,19424.8321,24367.1431,6698.811779,4752.88445,35836.05993,16445.66902,1549.853625,46237.29981,7370.415016,57189.59876,13190.97641,6423.282246,24711.55502,20854.14155,2651.971758,1033.23575,12967.10866,21680.73015,52436.71431,5390.046496,3099.70725,15154.12433,24711.55502,14964.69778,1963.147925,7370.415016,101773.7214,1291.544687,29361.11589,4701.222662,361.6325125,2255.898054,24711.55502,10952.29895,1033.23575
CGGA_591,64165.67646,72610.76218,43922.93329,18195.12816,4339.246308,85798.25157,36496.35036,15670.08997,39562.46817,6301.98608,17070.53132,838.1429299,1209.472076,90699.7963,5432.014938,31838.82193,22216.09234,6004.922764,23414.95502,66542.18299,1464.097776,3320.743507,10991.34273,11956.79851,43922.93329,3479.88457,5219.826855,14450.00849,23414.95502,37048.03938,2599.304023,5432.014938,110592.4291,1092.76863,22332.79579,3893.651333,933.6275675,9506.026142,23414.95502,6333.814293,6270.157868
CGGA_598,9904.350509,9642.085776,45248.38013,44662.14131,35976.55045,406865.1651,3563.714903,6942.301759,4335.081765,2792.348041,49382.90651,14008.02222,1511.87905,23125.57853,1619.87041,32829.37365,4643.62851,6325.208269,9919.777846,33215.05708,1527.306387,416.5381055,19608.14563,11956.18636,45248.38013,2931.194076,2730.638692,10398.0253,9919.777846,6294.353595,1928.417155,1619.87041,89216.29127,1110.768281,15103.36316,3286.022832,46.28201172,663.3755014,9919.777846,18898.48812,663.3755014
CGGA_601,16841.55979,26705.90195,48970.07384,26539.33707,32868.8024,214739.1409,2202.357818,3719.94892,19580.62665,4497.25168,93850.0546,15305.46148,444.1730054,17433.79046,5922.306738,20191.36454,18081.54276,3868.006589,10178.96471,76212.68484,6384.986952,2220.865027,19673.1627,16693.50212,48970.07384,1739.677604,2017.285733,10567.61609,10178.96471,3423.833583,2646.530824,5922.306738,159643.181,1628.634353,11455.9621,4515.758888,2313.40107,3146.225455,10178.96471,18026.02114,499.6946311
CGGA_710,84217.40626,45483.31613,34282.76574,3550.0516,1506.707946,25084.27933,37131.06295,8971.448228,58135.53492,4348.125215,3508.77193,433.4365325,2036.463708,57880.97695,5462.676299,43254.21397,29824.5614,5882.352941,49886.48091,65153.07878,3336.773306,1658.066735,4210.526316,22923.97661,34282.76574,16181.63055,2008.943928,22923.97661,49886.48091,35273.47781,3295.493636,5462.676299,97942.89646,2414.860681,66418.98865,6040.591675,921.9126247,6164.430685,49886.48091,1871.345029,859.9931201
CGGA_715,41590.50299,28959.31319,53194.76679,38899.95687,33991.25059,275914.4776,287.5392799,7743.022038,718.8481998,4806.013679,85645.62838,9858.489597,1006.38748,67448.49966,1376.08084,22859.37275,4292.550679,2937.008359,5874.016718,31711.47487,2485.160919,451.8474399,16862.12492,20949.29039,53194.76679,534.0015199,2177.083119,12549.03572,5874.016718,4744.398119,677.7711598,1376.08084,120910.2672,308.0777999,6716.096038,3019.162439,308.0777999,616.1555998,5874.016718,20271.51923,985.8489597
CGGA_747,42373.73342,31470.28923,95952.54321,17092.48936,6445.991085,110330.3431,547.406522,6088.501112,34296.69433,2871.09135,2658.831678,1083.641482,1999.709539,54852.36781,12098.80129,31928.32326,13037.21247,4781.428396,20030.61008,105157.91,2949.292282,1429.959894,11506.70852,39938.33298,95952.54321,3027.493213,15182.15231,9294.739312,20030.61008,11987.08567,904.8964955,12098.80129,117536.0004,659.1221387,16924.91593,3910.046585,547.406522,7719.549116,20030.61008,12947.83998,323.9752885
CGGA_761,82424.65234,21214.47071,28299.70801,14450.91473,6648.080635,91200.77863,49250.23507,12479.58561,10153.58221,3109.586103,9378.247744,494.8943401,651.6108811,19144.16272,16818.15932,90326.4653,15391.21398,4932.446923,37521.23922,81764.79322,2738.415348,536.1355351,7514.14573,16125.30725,28299.70801,2606.443524,3678.714594,22624.91958,37521.23922,76890.08397,1179.498177,16818.15932,112852.406,1047.526353,15671.6541,7728.599944,2886.88365,6664.577113,37521.23922,3439.515663,0
CGGA_856,61127.39522,22585.09056,53537.05486,21436.69612,8793.420247,304258.9028,1421.821682,5009.187155,44776.44588,1684.311838,22256.97786,5041.998425,634.3512118,53832.35629,3270.189868,31159.76901,34626.82649,1924.927815,8443.433371,109228.7164,2307.72596,437.4835944,10805.84478,17674.33721,53537.05486,623.414122,820.2817394,9252.778021,8443.433371,2920.202992,1749.934377,3270.189868,55396.36014,984.3380873,9055.910403,1498.381311,43.74835944,5326.362761,8443.433371,11352.69927,1006.212267
CGGA_864,61848.13147,79372.41017,56793.5445,7761.485074,2745.384803,86659.2259,22181.16974,5824.32103,108737.7644,3951.301492,15202.24762,1796.046133,1475.323609,60796.16159,2950.647218,59603.0738,34933.09728,3438.145454,24772.60773,71354.34707,3463.803256,1051.969878,8621.021437,16728.88684,56793.5445,1834.532836,2386.175576,11199.63053,24772.60773,13290.74138,1231.574491,2950.647218,84221.73472,846.7074626,11546.01085,2848.01601,1359.8635,9095.690772,24772.60773,8479.903527,307.8936228
CGGA_898,21325.54318,38378.67446,48804.08983,28281.90615,26766.478,202410.0785,9530.765017,11813.03633,33412.45207,2556.143874,48712.79898,3888.990323,839.8758444,22548.84061,4436.735439,49735.25653,22201.93537,4071.572028,14697.82728,76300.89465,3615.117765,566.0032865,14314.4057,11155.74219,48804.08983,693.8104802,2848.274603,9603.797699,14697.82728,7449.333577,821.6176739,4436.735439,153441.6651,712.0686507,20558.70002,2702.209239,419.9379222,6645.974073,14697.82728,10480.18988,620.7777981
CGGA_905,48370.33796,35354.91633,44309.85453,23433.22761,11292.7923,29845.23679,24335.55726,8244.011812,60743.19151,3076.123811,17622.77152,1326.151154,1763.644318,32142.07591,6986.218965,55794.05009,36475.99256,5140.544679,27493.71104,110412.3373,2023.405884,2091.764191,12550.58515,18224.32462,44309.85453,3117.138795,1585.91272,23665.64585,27493.71104,25087.49863,2146.450837,6986.218965,159097.1235,1613.256043,20534.83539,2556.600678,1626.927704,23720.33249,27493.71104,9611.17795,300.7765504
CGGA_908,29173.59956,14309.48419,70230.17194,22823.07266,18718.802,117540.2108,1455.906822,2787.021631,26650.02773,1636.161952,24514.69773,8610.648918,2121.464226,23433.16694,24805.87909,59941.76373,21006.65557,4589.572934,15280.08874,128965.6129,2884.082085,1053.799224,19744.86966,26774.81974,70230.17194,1358.846367,3521.907931,13796.45036,15280.08874,9317.803661,1774.819745,24805.87909,137922.9063,956.7387687,18580.1442,4062.673322,110.9262341,3105.934554,15280.08874,10191.34775,651.6916251
CGGA_D21,28753.56514,21359.53579,37882.10681,7394.029344,4801.201642,23666.25837,10568.00808,15020.5191,53483.77695,3567.373287,6097.615493,8145.055299,1108.657362,59062.8269,22843.70613,41735.58522,32177.88586,6017.148426,29486.70952,68593.7039,1251.709925,1850.742532,6294.312767,7867.890958,37882.10681,5024.721271,4255.813746,15154.63088,29486.70952,121621.5008,1555.696621,22843.70613,144500.9701,1564.637406,25123.60636,3442.202294,4470.39259,46483.14215,29486.70952,7930.476454,143.0525629
CGGA_277,30097.1254,31526.59199,68203.18007,12688.96373,12649.80027,225483.6688,4621.289261,13903.03125,6070.337589,4817.106603,104037.7536,4092.582439,1644.865669,61937.02514,5600.375969,23576.40793,13041.43495,2447.71677,7029.842563,61232.08271,2800.187985,1076.995379,15782.87773,34052.6357,68203.18007,1351.139657,1625.283935,8067.674473,7029.842563,9203.415054,3035.168795,5600.375969,90115.1406,822.4328347,16350.74802,7636.876322,1703.610872,1253.230986,7029.842563,21461.58064,1096.577113
CGGA_1004,85667.73012,24868.08342,52956.9872,5642.1463,1941.629293,11893.4312,16340.143,19682.79107,30266.57428,5946.715601,3045.693009,350.2546961,2162.442037,65147.37347,9632.004142,47094.02816,24753.86993,8025.40108,42982.34259,26253.87374,1918.786596,1591.374597,5581.23244,29794.49186,52956.9872,7888.344894,2535.53943,31835.10618,42982.34259,40012.79191,3083.764172,9632.004142,97667.76058,3616.760449,35901.10635,12251.30013,85660.11589,1994.928921,42982.34259,5337.576999,121.8277204
CGGA_1008,116412.1704,42410.15663,26027.51134,2460.42501,439.0912326,161903.5362,2642.117934,18911.20515,29570.52335,5193.389406,2695.111703,0,2150.032932,116889.1143,3944.250555,62615.92387,54008.2216,11136.26212,19577.41254,28972.45081,4724.016019,734.3422338,3883.686247,17450.09122,26027.51134,1044.734312,5503.781484,7759.801955,19577.41254,26671.00711,931.1762346,3944.250555,91989.61322,522.367156,41433.55717,8766.683574,401.2385401,6980.03649,19577.41254,3633.858476,484.5144635
CGGA_247,42180.66057,29985.25315,88235.29412,18831.48803,7151.049835,121673.1818,1638.538424,13084.8997,40109.07984,1603.426886,2633.365324,2106.692259,2481.215327,48430.51427,9573.745933,27433.81475,9643.969008,4541.092203,19404.97648,112263.2897,3955.899909,1638.538424,23232.13408,26333.65324,88235.29412,2528.030711,13201.93816,10041.89977,19404.97648,23220.43023,948.0115166,9573.745933,117892.8396,702.230753,15332.03811,4330.422977,1041.642284,3710.119145,19404.97648,11949.62665,316.0038389
CGGA_759,46091.09328,48929.39066,38584.77851,9344.960237,6560.215639,99045.86796,12593.82893,17270.77178,20475.01317,2275.993181,9818.0098,464.1240996,1026.428297,39602.28135,13406.04611,75598.67546,25044.85045,4864.377583,53561.70619,49937.96803,2374.173279,1508.403324,6265.675345,24232.63328,38584.77851,5292.799829,3480.930747,17449.28105,53561.70619,41485.55414,1677.987129,13406.04611,111693.2497,1642.285276,25089.47777,4230.669678,1124.608395,12736.63635,53561.70619,5855.104026,249.9129767
CGGA_1017,1626.744625,848.7363259,36531.02603,15524.80196,35.36401358,636.5522444,31297.15202,8746.699359,20900.13203,11.78800453,3170.973218,62217.08789,9029.611467,3795.737458,400.7921539,943.0403621,38417.10675,5882.214259,907.6763485,82.51603169,0,10632.78008,62169.93587,1414.560543,36531.02603,13697.66126,359251.226,223.972086,907.6763485,1556.016598,70.72802716,400.7921539,116453.6967,6330.158431,23.57600905,57926.25424,51277.81969,1862.504715,907.6763485,7343.92682,30012.25952
CGGA_1030,1151.515152,618.1818182,59527.27273,10472.72727,0,1345.454545,48872.72727,7975.757576,26860.60606,36.36363636,2860.606061,146424.2424,9503.030303,10836.36364,254.5454545,509.0909091,95381.81818,6909.090909,315.1515152,0,0,11442.42424,74606.06061,3272.727273,59527.27273,20703.0303,147115.1515,509.0909091,315.1515152,1600,169.6969697,254.5454545,115612.1212,12945.45455,1818.181818,70824.24242,13721.21212,1103.030303,315.1515152,7745.454545,26545.45455
CGGA_1051,2944.048504,320.638946,47206.79755,15507.26539,0,1792.663198,43534.02416,7141.503797,22911.11014,14.57449754,2433.94109,142305.394,10333.31876,10347.89326,233.1919607,378.9369361,93699.44471,5013.627155,160.319473,408.0859312,0,9356.827423,75933.13221,2142.451139,47206.79755,20885.25498,220395.5519,393.5114337,160.319473,1617.769227,29.14899509,233.1919607,105140.4253,11863.641,393.5114337,57481.81831,9342.252926,2419.366592,160.319473,7491.291738,20666.63752
CGGA_1058,1733.485782,381.1209875,21625.54248,13560.53062,0,295.0614097,40755.35721,6479.056787,848.3015528,86.05957782,2778.494941,135334.8332,20101.05853,23039.3784,258.1787334,282.7671843,37644.91818,8901.019191,24.5884508,307.3556351,73.76535241,13216.29231,33673.88338,1303.187893,21625.54248,16548.02739,226336.6897,24.5884508,24.5884508,860.5957782,1081.891835,258.1787334,200371.2856,12810.58287,110.6480286,72179.39734,48734.30949,6110.230025,24.5884508,4438.21537,25756.40222
CGGA_1086,334.4108795,10478.20756,30877.27121,19172.89042,445.8811727,1003.232639,69167.31691,25582.43228,4124.400847,836.0271988,2285.14101,9307.769479,12707.61342,2786.757329,2062.200424,222.9405863,68777.17088,1839.259837,5183.368632,0,0,1560.584104,12484.67283,10812.61844,30877.27121,9196.299186,230576.3014,0,5183.368632,2062.200424,1950.73013,2062.200424,69613.19808,30877.27121,1894.994984,185932.449,49604.28046,5071.898339,5183.368632,34165.64486,43696.35492
CGGA_1100,1835.781041,200.2670227,28704.93992,15620.82777,0,767.6902537,61815.75434,25667.55674,600.8010681,0,1234.979973,10981.30841,19492.65688,28671.56208,100.1335113,2369.826435,78671.56208,1535.380507,0,433.9118825,0,2436.582109,2837.116155,5807.743658,28704.93992,23097.46328,358277.7036,200.2670227,0,3471.29506,700.9345794,100.1335113,31074.76636,9979.973298,500.6675567,156775.7009,24732.9773,1869.158879,0,47730.30708,22997.32977
CGGA_1131,2202.795476,7171.432805,32301.08164,14293.47558,0,869.2645824,75191.38638,9986.664691,1886.699264,118.5360794,1313.77488,122813.2563,8633.377784,2311.453549,0,1076.702721,64355.21312,7112.164765,19.75601324,167.9261125,0,11112.75745,34335.95101,6539.240381,32301.08164,25880.37734,210441.053,39.51202647,19.75601324,6203.388156,819.8745493,0,111433.7927,11300.43957,5077.295402,148861.5597,15962.8587,5561.317726,19.75601324,11577.02376,10688.00316
CGGA_1134,973.9489127,2733.604511,24307.80059,10967.15582,286.4555626,57.29111251,29930.51406,5778.217919,474.6977894,188.2422268,2103.402274,60032.90147,16573.50041,2348.935613,311.0088965,261.9022286,37566.60092,3592.971199,425.5911215,0,0,7938.911305,41306.89212,1088.531138,24307.80059,16696.26707,329432.0814,40.92222322,425.5911215,1677.811152,662.9400162,311.0088965,121342.5763,14322.77813,2275.275611,121047.9363,79078.10416,3314.700081,425.5911215,2447.148949,32942.38969
CGGA_1144,1253.705614,182.8320687,50109.04627,14495.97116,0,1619.369752,46478.52376,7914.01669,23898.76327,78.35660089,1854.439554,85291.16007,8815.1176,8553.928931,417.9018714,692.1499745,73929.45294,6412.18184,130.5943348,0,117.5349013,7639.768587,87472.08546,2520.470662,50109.04627,17421.28426,246235.6183,169.7726353,130.5943348,1554.072584,65.29716741,417.9018714,125853.7605,13307.56272,0,60687.18739,11466.1826,1423.47825,130.5943348,13908.29666,27241.97824
CGGA_1147,823.3841087,232.2365435,25609.35702,10820.11168,0,760.0468696,40905.30027,9901.721717,4053.583304,21.11241304,1034.508239,71476.07436,11062.90443,14704.79568,0,295.5737826,57753.00588,4095.80813,73.89344565,738.9344565,63.33723913,5489.227391,32375.8854,2227.359576,25609.35702,15475.39876,330208.6962,73.89344565,73.89344565,1171.738924,116.1182717,0,152832.758,12466.8799,337.7986087,126220.5614,13839.18675,3567.997804,73.89344565,6808.753206,16604.91286
CGGA_1158,819.7633819,526.2678501,28266.65587,7074.25437,0,3127.245494,31323.05762,8865.589167,657.8348126,30.36160674,2560.495501,112651.6815,17326.35691,55227.76265,0,566.7499924,86692.50777,4959.062434,0,627.4732059,404.8214231,6861.723122,23671.93272,5991.357063,28266.65587,24866.15592,281411.6123,0,0,1406.754445,354.2187453,0,72503.51689,11739.82127,4088.696374,138732.3017,7914.258823,2631.33925,0,11223.67396,16628.03996
CGGA_1198,203.3967253,4067.934506,30407.81043,15458.15112,203.3967253,711.8885386,52476.35513,23187.22669,5390.013221,1220.380352,1932.26889,9152.852639,13627.5806,72714.3293,203.3967253,2237.363978,78917.92942,9152.852639,0,0,0,2542.459066,9254.551002,16678.53148,30407.81043,15356.45276,345672.7347,0,0,2339.062341,203.3967253,203.3967253,36001.22038,15661.54785,0,142581.1044,4779.823045,3254.347605,0,30916.30225,22882.1316
CGGA_1211,2554.836928,138.0992934,23223.69784,7526.41149,0,2290.146615,45250.53513,11393.1917,2198.08042,23.0165489,3107.234101,94298.80084,15720.3029,36089.94867,23.0165489,794.070937,55723.06488,6686.307455,46.0330978,92.06619559,368.2647824,9793.541556,27009.92013,2462.770732,23223.69784,23235.20611,215883.7204,0,46.0330978,817.0874859,241.6737634,23.0165489,90351.4627,8987.962345,437.3144291,239118.9265,8780.813405,3832.255392,46.0330978,4062.420881,34099.01719
CGGA_1212,1413.017285,339.5622933,24579.92858,10515.47747,0,613.4028523,49630.86293,10340.21951,3253.225842,54.76811181,1905.930291,71943.39168,16342.80457,16529.01615,21.90724473,942.0115232,71450.47867,7163.669025,21.90724473,383.3767827,131.4434684,10351.17313,25905.31689,2201.678095,24579.92858,22104.40993,298299.9978,21.90724473,21.90724473,2201.678095,295.7478038,21.90724473,147446.7106,12454.26863,1522.553508,102744.9778,20833.78973,3603.741757,21.90724473,11939.44838,25850.54878
CGGA_1226,479.1676174,410.7151006,32446.49295,14317.98476,0,422.1238534,36930.1328,8442.477068,8670.652124,22.81750559,3068.954502,107561.7214,13097.24821,24779.81107,718.7514261,216.7663031,58310.13554,6731.164149,57.04376398,0,399.3063478,9161.228495,53849.31319,4540.683612,32446.49295,18413.72701,189659.1065,34.22625839,57.04376398,1289.189066,319.4450783,718.7514261,120830.1009,13724.72961,11191.98649,128930.3153,35504.0387,12378.49678,57.04376398,5042.668735,44767.94597
CGGA_1282,1366.147072,1110.608771,21701.09881,7725.119415,0,481.5914139,32866.1569,6997.818096,9140.408468,206.3963202,3243.370747,137135.6122,6879.877342,9533.544316,39.31358481,992.6680164,132634.2068,4383.464706,0,0,29.48518861,12708.11629,19175.20099,12570.51874,21701.09881,26841.35003,260776.8364,29.48518861,0,4147.583197,363.6506595,39.31358481,71737.46388,8049.45649,17926.99467,93812.04175,28738.2305,6152.576023,0,10644.15309,28119.04153
CGGA_1303,656.4641201,451.3190826,45788.37238,26217.5358,0,492.3480901,39305.78919,18996.43048,6810.815246,82.05801502,1559.102285,11241.94806,9641.816764,71062.241,1066.754195,1353.957248,60681.9021,2010.421368,0,0,0,4225.987773,9929.019817,4882.451893,45788.37238,14278.09461,438394.9452,0,0,451.3190826,1518.073278,1066.754195,60887.04714,10585.48394,533.3770976,46403.80749,15960.28392,4800.393878,0,21786.40299,21088.90986
CGGA_1317,1389.675228,2779.350456,43234.34042,24499.45957,0,4683.720212,65417.67461,29697.87431,2676.41155,51.46945288,1389.675228,15337.89696,16830.51109,49616.55258,205.8778115,3088.167173,87292.19208,3242.575531,514.6945288,514.6945288,0,6485.151063,14720.26352,8029.234649,43234.34042,21153.94513,273817.4893,102.9389058,514.6945288,411.755623,257.3472644,205.8778115,64645.63282,8698.337537,7566.009573,104431.5199,13330.5883,3654.331154,514.6945288,52498.84194,23264.1927
CGGA_1318,2754.280723,392.1953133,27988.48372,7558.67331,0,365.4547237,38078.59951,7728.030377,1684.657141,1114.191231,1497.473014,158874.756,7451.710952,2986.032499,178.2705969,106.9623582,111062.5819,4688.516699,17.82705969,534.8117908,44.56764923,5062.884953,23843.69234,2593.837185,27988.48372,16463.28963,269990.8191,17.82705969,17.82705969,1506.386544,882.4394548,178.2705969,136724.6343,13263.33241,5107.452602,79517.59976,11614.32939,5303.550259,17.82705969,9715.747533,15081.6925
CGGA_1339,478.6979416,523.2279827,17778.6189,8293.720151,0,489.8304519,36024.80323,11611.20821,2471.41728,55.66255135,2148.574482,63421.91101,13492.60245,11522.14813,55.66255135,1135.516048,41936.16619,9729.813976,166.987654,166.987654,211.5176951,7135.939083,21897.6477,3751.655961,17778.6189,17199.72837,393511.973,22.26502054,166.987654,1525.153907,278.3127567,55.66255135,91720.75211,11165.9078,0,154363.3874,26495.37444,1925.924277,166.987654,2716.332506,26406.31436
CGGA_1350,3787.161522,252.4774348,35220.60216,15148.64609,0,1577.983968,71956.06893,23164.80465,4039.638957,0,1388.625892,8079.277915,14769.92994,146815.6284,0,1009.909739,61541.37474,2840.371142,0,1514.864609,1325.506533,8521.113425,10856.5297,8268.635991,35220.60216,22218.01426,207283.974,0,0,4544.593827,1073.029098,0,48665.02556,13191.94597,0,146815.6284,19314.52376,6753.771382,0,30739.12769,42100.61226
CGGA_1361,821.8759907,845.3581618,27532.84569,14840.73217,0,563.5721079,36092.09708,9874.252973,5400.899367,246.5627972,2406.922544,82809.8766,13326.13213,16108.76942,140.893027,833.6170762,31935.75278,7326.437402,305.2682251,258.3038828,0,8934.966127,41492.99644,1491.117869,27532.84569,18210.42374,302532.5522,35.22325674,305.2682251,810.1349051,1315.001585,140.893027,175458.7829,7009.428092,1725.93958,94468.77458,39543.97624,1620.26981,305.2682251,4285.496237,21110.47187
CGGA_1365,488.6988393,25717.77642,41905.92547,19486.86622,0,427.6114844,60781.91814,14783.13989,2626.756261,183.2620648,794.1356139,10873.54918,6536.346976,10323.76298,427.6114844,1771.533293,44166.15761,5925.473427,0,0,0,4886.988393,14905.3146,3665.241295,41905.92547,15027.48931,319731.2156,0,0,6108.735492,671.9609041,427.6114844,79352.47404,20097.73977,2871.105681,177886.3775,26817.34881,2138.057422,0,11728.77214,24557.11668
CGGA_1368,944.5843829,1889.168766,36366.49874,14536.10411,0,997.061293,68692.2754,17107.47271,3096.137699,52.47691016,944.5843829,8081.444165,10810.24349,127256.5071,104.9538203,3201.09152,75671.70445,6507.13686,0,0,0,3306.04534,17159.94962,7766.582704,36366.49874,16477.74979,256821.9983,209.9076406,0,1154.492024,524.7691016,104.9538203,33690.17632,13224.18136,0,150136.44,14168.76574,4093.198992,0,43660.78925,24874.05542
CGGA_1377,543.5384352,664.3247541,21308.71977,11082.14476,40.26210631,342.2279037,37957.10073,11293.52082,613.9971213,100.6552658,1318.583982,65395.72618,7931.634943,30881.03554,40.26210631,372.4244834,69230.6918,5787.677782,90.5897392,70.45868605,442.8831694,8243.666267,26029.45173,2546.578224,21308.71977,14192.39248,262710.2437,0,90.5897392,1932.581103,392.5555365,40.26210631,181048.6266,8465.107852,231.5071113,131012.8939,26422.00727,3180.706399,90.5897392,19537.18709,27015.87334
CGGA_1382,1114.788665,2635.740643,19945.21116,10905.91702,190.1189972,155.5519068,63421.96911,9618.292904,2367.845693,380.2379944,4701.124295,56793.72953,13368.82221,27299.35964,414.8050848,216.044315,16989.72493,5548.018009,43.208863,0,406.1633122,8373.87765,27472.1951,5815.91296,19945.21116,12219.46646,284685.9148,17.2835452,43.208863,2894.993821,466.6557204,414.8050848,113656.5932,6204.792727,3456.70904,111176.4045,58565.29291,27990.70145,43.208863,7285.014302,72755.08352
CGGA_1413,2948.435728,760.4562738,37395.7708,12994.46334,80.04802882,533.6535254,36661.9972,9312.254019,8738.576479,213.4614102,3708.892002,89813.88833,16636.64866,14662.13061,53.36535254,3708.892002,42852.37809,7417.784004,533.6535254,80.04802882,66.70669068,13074.51137,42385.43126,2601.560937,37395.7708,21332.79968,308158.2283,40.02401441,533.6535254,1827.763325,1334.133814,53.36535254,104355.9469,6457.207658,653.7255687,97485.15776,29164.16517,5176.439197,533.6535254,11780.40157,26482.5562
CGGA_1417,1539.354481,479.4710677,38155.80286,10068.89242,340.6768113,328.0591516,32692.35622,10359.09859,3368.915134,391.14745,2208.090443,78797.28468,17891.84142,19935.90229,618.2653241,2990.385343,44679.13291,7860.801978,227.1178742,88.32361774,113.5589371,10510.51051,32604.0326,3583.415348,38155.80286,23494.08232,326456.7088,75.70595806,227.1178742,1943.11959,429.000429,618.2653241,81775.05236,5690.564514,883.2361774,118378.8831,45562.36909,3911.4745,227.1178742,13034.04245,19305.01931
CGGA_1418,881.1942774,13839.93365,28820.23637,28198.21688,0,466.5146175,49398.71449,11766.53535,2280.73813,466.5146175,1036.69915,7464.233879,9900.476882,5027.990877,518.349575,725.6894049,25813.80883,5650.010367,259.1747875,0,0,5027.990877,7827.078582,16587.1864,28820.23637,15965.16691,431837.0309,0,259.1747875,2332.573087,466.5146175,518.349575,73139.12503,16898.19614,4716.981132,94443.29256,58936.34667,3939.45677,259.1747875,11662.86544,33848.22724
CGGA_1422,1410.636197,17562.42065,27930.5967,23346.02906,0,211.5954295,102694.3151,20242.62943,2609.676964,211.5954295,705.3180985,7264.776414,10509.23967,3879.249542,1692.763436,211.5954295,61080.54733,1269.572577,0,0,0,6912.117365,17280.29341,9592.326139,27930.5967,16645.50712,296515.7286,0,0,2539.145154,916.913528,1692.763436,43094.93582,21018.47933,2327.549725,170052.1935,57342.3614,6982.649175,0,12977.85301,23346.02906
CGGA_1446,2097.4914,2181.391056,28861.48167,23072.4054,0,335.598624,44047.31941,17031.63017,251.698968,0,1090.695528,10403.55735,12584.9484,188354.7277,167.799312,2600.889336,45389.7139,8557.764913,0,0,0,8557.764913,4950.079705,5789.076265,28861.48167,15101.93808,296753.0833,0,0,1006.795872,335.598624,167.799312,46060.91115,14850.23911,0,125681.6847,19213.02123,1594.093464,0,22820.70644,21226.61297
CGGA_1455,2480.774001,1405.771934,35226.99082,13809.64194,0,909.6171339,47465.4759,19101.95981,1571.156868,0,1075.002067,11742.33027,11411.56041,234598.5281,165.3849334,4217.315803,90134.78872,4382.700736,0,0,0,6284.62747,8600.016538,9261.556272,35226.99082,18523.11254,224344.6622,0,0,661.5397337,330.7698669,165.3849334,37211.61002,13726.94947,909.6171339,100388.6546,15794.26114,3555.776069,0,19432.72968,25882.74208
CGGA_1467,2265.394385,15239.92586,25262.5798,29862.01689,0,0,26841.49104,14210.20114,343.2415734,0,2334.042699,12905.88316,11738.86181,16406.94721,0,1167.02135,54850.00343,5491.865175,0,480.5382028,0,7345.369671,9542.115741,10503.19215,25262.5798,18603.69328,454039.9533,0,0,4393.49214,411.8898881,0,56497.56298,23820.9652,274.5932587,98578.97989,32402.00453,2196.74607,0,21898.81238,14828.03597
CGGA_1469,1025.115325,878.670279,57113.56813,12301.38391,146.4450465,1025.115325,39247.27246,15376.72988,4393.351395,0,1830.563081,8786.70279,11715.60372,139562.1293,439.3351395,3221.791023,47082.08245,7834.809988,0,0,0,4979.131581,13326.49923,6370.359523,57113.56813,14278.39203,320641.4293,0,0,4393.351395,1244.782895,439.3351395,31998.24266,11349.4911,0,123306.7291,22625.75968,2928.90093,0,14278.39203,18744.96595
CGGA_1474,1118.23468,1416.430595,32428.80573,19159.08752,0,223.646936,42194.72193,23557.47726,3429.253019,0,1789.175488,13046.07127,12896.97331,52184.28508,1416.430595,2161.920382,34367.07917,8200.387655,0,596.3918294,0,5292.977486,10213.21008,6262.114209,32428.80573,22588.34054,396749.6645,0,0,1490.979574,820.0387655,1416.430595,77680.03578,20948.26301,3205.606083,100566.5722,21022.81199,7603.995825,0,9616.81825,31906.96287
CGGA_1481,205.4653791,9245.942059,38832.95665,15923.56688,410.9307582,0,60612.28683,13766.1804,1027.326895,205.4653791,3184.713376,8835.011301,12430.65543,5753.030614,410.9307582,308.1980686,63077.87138,2157.38648,0,0,0,15512.63612,9965.070886,6472.159441,38832.95665,20443.80522,415656.4619,205.4653791,0,4212.040271,1951.921101,410.9307582,51674.54284,18183.68605,4314.772961,89069.24183,46126.9776,5033.901788,0,8218.615163,27326.89542
CGGA_1486,0,15489.27263,27420.19885,31815.80324,523.2862376,0,75876.50445,20617.47776,732.6007326,941.9152276,1779.173208,8163.265306,11512.29723,4081.632653,209.314495,418.6289901,76295.13344,1151.229723,0,0,0,3663.003663,20617.47776,13396.12768,27420.19885,11512.29723,286865.5154,0,0,4395.604396,1046.572475,209.314495,65724.75144,33594.97645,3976.975406,160439.5604,19570.90529,8895.866039,0,12977.49869,48665.62009
CGGA_1488,613.8177189,682.0196876,24473.13979,15288.608,34.10098438,363.7438334,45126.96933,11105.55391,4058.017141,22.73398959,1932.389115,61211.26697,15106.73608,12174.05142,68.20196876,954.8275627,46434.17373,8388.842158,341.0098438,159.1379271,329.642849,7934.162366,29713.32439,1534.544297,24473.13979,17016.39121,270170.7323,11.36699479,341.0098438,988.9285471,341.0098438,68.20196876,190010.685,8934.457908,2284.765954,107383.9998,49923.84113,7706.82247,341.0098438,7218.041694,24734.58067
CGGA_1494,947.567909,2053.063803,33322.8048,46746.68351,0,631.7119394,77542.64056,32533.16488,6001.263424,157.9279848,4737.839545,12002.52685,24320.90967,29058.74921,1421.351864,631.7119394,91440.30322,7422.615287,1105.495894,0,0,6632.975363,19267.21415,9791.53506,33322.8048,17687.9343,142608.9703,0,1105.495894,11212.88692,3316.487682,1421.351864,102337.3342,22109.91788,1263.423879,126974.0998,44061.90777,9633.607075,1105.495894,22899.5578,51168.66709
CGGA_1497,1653.174794,9818.150773,22981.45805,12317.31642,0,294.9325924,60298.19237,9135.14898,527.7741127,93.13660812,1614.367874,62122.11762,7241.371281,3205.451596,93.13660812,1032.264073,90862.52261,5029.376838,155.2276802,0,38.80692005,9173.9559,26380.94425,19993.32521,22981.45805,20280.49642,288560.4961,31.04553604,155.2276802,10695.18717,225.0801363,93.13660812,100851.4238,8948.875764,2134.380603,136142.4369,30843.74006,1792.879706,155.2276802,11044.44945,21002.30513
CGGA_1503,226.963232,7376.305039,53222.87789,34725.37449,3177.485247,453.9264639,68656.37767,51180.20881,3631.411711,2610.077167,2837.040399,10099.86382,12256.01453,1021.334544,907.8529278,567.4080799,71606.89968,4085.338175,0,0,0,13277.34907,15093.05493,3290.966863,53222.87789,23036.76804,182251.4753,0,0,2383.113936,3064.003631,907.8529278,89083.06854,24285.06582,794.3713118,151724.9206,26895.14299,5333.635951,0,30980.48116,45733.09124
CGGA_1521,501.285705,3926.738023,19178.81975,14165.9627,185.6613722,55.69841167,63941.77659,14258.79339,3388.320043,222.7936467,4325.909973,53693.26885,12467.16114,3889.605748,863.3253808,1680.235419,43296.232,5077.83853,0,64.98148028,1262.497331,13033.42833,29993.59468,2849.902064,19178.81975,17164.39386,266943.921,0,0,3016.997299,798.3439006,863.3253808,113569.0614,6934.452253,3926.738023,98521.20717,92004.49301,25621.26937,0,4920.026364,54213.12069
CGGA_1526,1002.477387,633.750072,23356.57084,10024.77387,23.04545716,138.272743,31180.50354,9172.091951,3099.613989,115.2272858,3272.454917,86697.00985,21086.59331,18263.5248,172.8409287,1394.250158,32044.70819,7812.409979,80.65910007,241.9773002,507.0000576,10808.31941,34729.50395,2638.704845,23356.57084,18770.52486,309108.7169,23.04545716,80.65910007,1532.522901,1521.000173,172.8409287,150717.2899,8976.205565,0,101204.1251,42207.7548,3906.204989,80.65910007,1855.159302,37990.43614
CGGA_1536,200.1538024,853.2872628,15906.96009,9649.520158,337.1011409,421.3764261,53483.20288,10070.89658,3307.804945,94.80969587,2149.019773,50396.62056,13115.34126,15285.42986,52.67205326,695.2711031,52461.36505,6204.767874,84.27528522,0,452.9796581,9723.261032,23049.29051,1769.78099,15906.96009,14495.34906,267384.4112,0,84.27528522,1464.283081,136.9473385,52.67205326,218315.1264,9523.10723,4213.764261,97495.97059,51797.69718,6794.694871,84.27528522,14063.43822,28421.83994
CGGA_1542,2171.55266,5231.467772,19840.09476,19642.68088,197.4138782,690.9485737,90316.84927,25170.26947,789.6555128,1184.483269,987.069391,10660.34942,15793.11026,54190.10956,592.2416346,2072.845721,51426.31527,3750.863686,197.4138782,789.6555128,0,7008.192676,6317.244102,7797.848189,19840.09476,18162.07679,345770.4077,0,197.4138782,3059.915112,1480.604086,592.2416346,60606.06061,20234.92252,296.1208173,118645.7408,13917.67841,9179.745336,197.4138782,23689.66538,37311.22298
CGGA_1635,621.6972334,15542.43084,13988.18775,30307.74013,0,2797.637551,46005.59528,20671.43301,5750.699409,0,3263.910476,10724.27728,16319.55238,110662.1076,310.8486167,777.1215418,95275.10103,11812.24744,0,0,0,15853.27945,10568.85297,2642.213242,13988.18775,21137.70594,301678.5825,0,0,4041.032017,310.8486167,310.8486167,76624.18402,24867.88934,0,76157.9111,12744.79329,1865.0917,0,22381.1004,29996.89151
CGGA_1645,1006.036217,449.5055439,23427.80085,14512.60756,0,385.2904662,51896.48529,9771.394323,599.3407252,32.10753885,2129.800077,75559.74143,9054.325956,18258.48709,42.8100518,545.8281605,54165.41804,6785.39321,0,0,53.51256475,7277.708806,23673.95865,2878.975984,23427.80085,20580.9324,249914.3799,0,0,1380.624171,395.9929792,42.8100518,165696.3055,6635.558029,6111.134894,115801.1901,22710.73248,3499.721735,0,50654.99379,30641.29458
CGGA_1650,748.3909594,853.1656938,29262.08651,17512.34845,0,89.80691513,42538.54213,11300.70349,1811.106122,434.0667565,2559.497081,57925.46026,19877.26388,4056.279,59.87127675,628.6484059,55650.35174,14369.10642,29.93563838,224.5172878,59.87127675,14833.10882,30893.57881,2424.786709,29262.08651,17976.35085,159661.7273,0,29.93563838,1332.135908,658.5840443,59.87127675,222556.5035,14443.94552,6900.164646,107019.9072,85077.08427,3741.954797,29.93563838,8247.268373,34860.05089
CGGA_1666,765.3771222,10993.59866,27205.67771,34859.44893,626.2176454,0,58446.98024,18856.1091,3061.508489,834.9568606,974.1163373,12246.03395,17951.5725,7792.930699,487.0581687,626.2176454,71180.07236,2644.030058,487.0581687,626.2176454,0,4174.784303,12593.93265,24352.90843,27205.67771,26092.40189,315057.0554,278.3189535,487.0581687,5148.90064,1113.275814,487.0581687,63874.19983,18647.36989,1461.174506,104995.8252,33398.27442,23657.11105,487.0581687,28597.27247,37225.16003
CGGA_1678,85.17887564,3066.439523,18696.7632,23509.36968,298.1260647,170.3577513,70400.34072,13586.03066,0,85.17887564,2427.597956,12989.77853,10306.64395,2342.41908,1746.166951,42.58943782,32410.56218,638.8415673,0,0,0,2640.545145,4599.659284,3833.049404,18696.7632,20911.41397,454386.7121,85.17887564,0,1405.451448,1149.914821,1746.166951,55706.98467,15119.25043,2044.293015,116482.1124,41822.82794,16652.47019,0,6473.594549,43441.22658
CGGA_1696,577.9233288,7705.644385,26006.5498,22827.97149,674.2438836,0,76093.2383,16470.81487,577.9233288,288.9616644,3371.219418,10884.22269,11654.78713,74166.8272,577.9233288,770.5644385,41032.55635,2119.052206,192.6411096,0,0,7416.68272,6549.797727,2119.052206,26006.5498,15892.89154,419379.6956,192.6411096,192.6411096,1733.769987,1637.449432,577.9233288,59526.10287,30052.0131,0,61837.79619,8572.529378,22827.97149,192.6411096,8957.811597,30340.97476
CGGA_1699,455.7538929,3494.113179,46107.10216,20357.00722,607.6718572,227.8769464,54310.67224,18458.03266,3646.031143,75.95898215,2202.810482,10254.46259,14204.32966,139156.8553,379.7949107,4177.744018,63881.50399,8963.159894,607.6718572,0,0,5469.046715,12457.27307,6152.677554,46107.10216,30155.71591,251879.9848,531.712875,607.6718572,7595.898215,303.8359286,379.7949107,30459.55184,22559.8177,3342.195215,125408.2795,15343.71439,3797.949107,607.6718572,18306.1147,26965.43866
CGGA_1720,2856.733045,1960.2687,22877.77007,15777.77247,0,107.5757214,37890.55963,7590.064784,2928.450192,143.4342951,2761.110181,87016.80572,13100.33229,23726.42299,155.3871531,1087.710071,50955.03335,6299.156128,274.9157324,0,274.9157324,11092.25216,26523.39174,4111.783127,22877.77007,17726.08831,261767.5886,0,274.9157324,2318.854438,1350.672946,155.3871531,141103.4878,7123.903325,4948.483182,106667.3042,73629.60484,4494.274581,274.9157324,12598.31226,23176.59152
CGGA_1722,0,12792.77584,28407.48754,33110.71395,188.1290565,0,88138.46299,26149.93886,846.5807544,0,3480.387546,5926.065281,13357.16301,1505.032452,0,282.1935848,104599.7554,3010.064905,564.3871696,0,0,8371.743016,12980.9049,10723.35622,28407.48754,17119.74414,203931.8973,0,564.3871696,5361.678111,1316.903396,0,54181.16828,13639.3566,0,169598.3445,75157.55808,12134.32415,564.3871696,22011.09961,41576.52149
CGGA_1735,428.0785267,3621.544336,23732.67352,12200.23801,0,214.0392634,27902.15837,7054.73412,10231.07679,94.17727588,2808.195135,63809.38519,8869.787074,5008.518763,291.0933982,1318.481862,31429.52543,8835.540792,2234.56991,0,839.0339124,8484.5164,29477.48735,1926.35337,23732.67352,14289.26122,433249.7153,42.80785267,2234.56991,2371.555038,248.2855455,291.0933982,112832.9381,6746.517581,1729.437248,71608.97595,46617.75156,1986.284364,2234.56991,4452.016678,24520.33801
CGGA_1745,3138.440079,5114.494944,42659.53737,37661.28095,0,1278.623736,56259.44438,18133.20935,11623.85214,0,2789.724515,13367.42997,15924.67744,152039.9861,697.4311287,2789.724515,70324.30547,6858.072765,0,0,0,18946.879,14762.29222,7671.742415,42659.53737,16854.58561,203649.8896,348.7155643,0,2208.531907,697.4311287,697.4311287,68929.44322,8252.935023,1278.623736,91944.67046,23015.22725,4533.302336,0,18249.44787,34639.07939
CGGA_1767,250.9095471,12043.65826,24212.7713,25216.40948,250.9095471,0,143520.2609,17751.85046,1129.092962,2132.73115,1944.54899,5833.64697,10350.01882,2007.276377,188.1821603,690.0012545,63668.29758,3199.096726,250.9095471,0,0,4453.644461,12545.47736,11479.11178,24212.7713,30924.60168,155187.5549,0,250.9095471,6900.012545,439.0917074,188.1821603,52502.82273,24463.68084,1003.638188,239994.9818,72011.04002,4202.734914,250.9095471,11040.02007,33308.24238
CGGA_1769,1357.664234,423.3576642,44656.93431,22306.56934,0,394.1605839,30671.53285,10145.9854,20262.77372,175.1824818,4058.394161,82029.19708,15518.24818,5474.452555,423.3576642,861.3138686,34467.15328,14540.14599,978.1021898,0,0,15868.61314,61036.49635,1197.080292,44656.93431,15182.48175,222613.1387,43.79562044,978.1021898,1591.240876,145.9854015,423.3576642,142262.7737,10043.79562,0,77328.46715,75328.46715,2846.715328,978.1021898,2014.59854,36715.32847
CGGA_1780,139.4991979,16112.15736,17855.89733,17437.39973,278.9983958,418.4975936,87884.49466,12485.17821,69.74959894,69.74959894,2022.738369,6416.963102,10392.69024,15065.91337,139.4991979,976.4943852,77073.30683,3138.731952,0,488.2471926,0,8300.202274,11159.93583,14507.91658,17855.89733,18274.39492,342679.7796,0,0,3068.982353,1394.991979,139.4991979,32782.3115,22808.11885,2929.483155,159656.832,52730.6968,9067.447862,0,10671.68864,23505.61484
CGGA_1791,2120.238014,3351.343957,35907.25669,16483.14069,273.5790986,205.1843239,53142.73989,16004.37727,4719.23945,478.7634225,2257.027563,4514.055126,9985.637097,42336.3655,1436.290267,1778.264141,65727.37843,3624.923056,820.7372957,0,341.9738732,3624.923056,10601.19007,9438.4789,35907.25669,16209.56159,374940.1546,136.7895493,820.7372957,2120.238014,341.9738732,1436.290267,83304.83551,16414.74591,5471.581971,62649.61357,30367.27994,4582.449901,820.7372957,12174.26989,63128.37699
CGGA_P102,742.0867201,5340.250229,35086.13754,11831.77518,492.4126834,124.8370183,35002.91286,9341.970206,1796.265986,1137.403945,1837.878326,61551.58543,7247.482453,388.3818348,97.09545871,499.3480733,56454.07385,3176.408578,0,353.7048853,27.74155963,6935.389908,35155.49144,4799.289816,35086.13754,18538.29722,405699.5034,0,0,5680.084334,1130.468555,97.09545871,105743.8899,7712.153577,124.8370183,97296.58501,24780.14814,589.5081421,0,11935.80603,6165.561628
CGGA_P103,963.2601256,509.9612429,37419.82276,9111.307541,33.9974162,1155.912151,42530.76766,11502.45915,7060.130097,33.9974162,2221.164525,78409.37422,16386.75461,14086.26278,33.9974162,3218.422067,74578.99866,8012.05775,0,79.32730446,271.9793296,9983.90789,38972.37143,2515.808799,37419.82276,22585.61683,273010.5845,33.9974162,0,2334.489245,509.9612429,33.9974162,98853.15383,5994.877723,1665.873394,119455.588,24342.15,4057.024999,0,22744.27144,27866.54881
CGGA_P108,74.6414876,4543.800558,32067.84911,13342.16591,37.3207438,373.207438,68968.73455,6120.601984,28289.1238,74.6414876,2015.320165,53872.49368,11149.57221,1838.046632,102.6320455,1922.018306,50756.21157,9488.799112,65.31130165,233.2546488,93.30185951,10365.83659,30033.86858,3993.319587,32067.84911,24519.72868,294516.6497,522.4904132,65.31130165,1586.131612,1100.961942,102.6320455,105860.2898,10300.52529,17167.54215,93227.21802,37740.60217,1838.046632,65.31130165,15105.57105,34391.06541
CGGA_P111,1053.251489,849.3963623,23681.17058,6432.761784,283.1321208,407.7102539,36116.33333,9977.575936,2514.213232,385.0596843,2197.105257,82889.75968,17588.16734,39332.71422,22.65056966,1449.636458,76762.78058,6953.724886,237.8309814,0,339.7585449,9728.41967,26806.94919,3556.139437,23681.17058,21053.7045,311547.2604,67.95170899,237.8309814,1868.671997,736.143514,22.65056966,86004.21301,5051.077035,1902.647852,103263.9471,44417.76711,5107.703459,237.8309814,13522.39009,31710.79753
CGGA_P112,543.3949645,835.9922531,45812.37547,15521.5895,55.73281688,445.862535,37981.9147,10533.50239,24550.30583,41.79961266,3594.766688,75740.89813,11230.1626,6088.810244,1323.654401,1379.387218,53127.30769,5810.146159,139.3320422,0,0,12804.61468,66767.91462,1379.387218,45812.37547,17527.97091,237686.5308,97.53242953,139.3320422,1421.18683,181.1316548,1323.654401,146437.9763,9209.847989,320.463697,66461.38412,40127.62815,3511.167463,139.3320422,9516.378482,44377.25544
CGGA_P113,1030.441476,446.9384715,49200.47673,14351.69092,49.65983016,670.4077072,37716.64101,9124.993793,21837.91031,62.0747877,2408.501763,69138.89854,8926.354472,6617.172369,260.7141084,2346.426975,56661.86622,6853.056563,409.6935988,0,0,11061.72717,71485.32552,1303.570542,49200.47673,16387.74395,280962.9041,198.6393207,409.6935988,1142.176094,111.7346179,260.7141084,132591.7465,8318.021552,37.24487262,56177.68287,26170.7305,2110.542782,409.6935988,14649.6499,38896.06198
CGGA_P121,359.8907918,161.3303549,53338.29734,6540.084388,24.8200546,1563.66344,36435.84016,9233.060313,25117.89526,111.6902457,1352.692976,137254.902,8984.859767,3946.388682,198.5604368,285.4306279,60660.21345,2941.176471,0,372.3008191,0,3983.618764,73628.69198,1141.722512,53338.29734,22846.86026,122213.9489,99.28021842,0,372.3008191,409.530901,198.5604368,81720.02978,36435.84016,0,219793.9935,5026.061057,719.7815835,0,546.0412013,28642.34301
CGGA_P128,865.5293527,464.1244355,33253.88861,10800.30105,0,639.7390868,46700.95334,13421.97692,9232.313096,0,2571.500251,57513.79829,13710.4867,9934.771701,163.0707476,1442.548921,72666.83392,6874.059207,288.5097842,175.6146513,163.0707476,10800.30105,35800.30105,3926.241846,33253.88861,19141.99699,277747.1149,100.3512293,288.5097842,1279.478174,740.0903161,163.0707476,123105.8705,8542.398394,163.0707476,105193.1761,43953.83843,2145.007526,288.5097842,17423.48219,35060.21074
CGGA_P13,1066.948312,387.9812045,29163.25387,6854.334612,0,980.7302668,52959.43441,12318.40324,6811.22559,21.55451136,2403.328017,64609.6478,16435.31491,15594.68897,21.55451136,1260.938915,73296.11588,5668.836487,204.7678579,140.1043238,86.21804544,9882.743458,32730.5255,3804.371255,29163.25387,20692.3309,344732.0774,10.77725568,204.7678579,1293.270682,528.0855283,21.55451136,80894.08113,6380.135362,0,113452.1705,15896.45213,3287.062982,204.7678579,20056.47282,26479.7172
CGGA_P131,1214.911439,682.0555449,30266.2148,7193.554575,106.5711789,1928.938338,33505.97864,13225.4833,4795.70305,191.828122,2376.537289,66564.35833,14483.02321,25289.34075,170.5138862,3335.677899,68344.09702,8504.380075,0,0,106.5711789,10902.2316,34347.89096,2898.736066,30266.2148,20461.66635,291781.2307,0,0,1310.8255,341.0277724,170.5138862,89637.01856,6959.097982,0,146322.2286,36255.51506,2056.823753,0,18404.84259,25598.39717
CGGA_P132,1161.829435,592.0861541,18108.89917,5652.747056,100.5429318,1284.71524,33357.91049,16958.24117,1753.915589,167.5715531,4345.688943,52718.01059,10478.80778,29392.05041,22.34287374,1966.172889,67609.53594,6714.033559,111.7143687,301.6287955,670.2862122,8177.491789,22342.87374,3384.945372,18108.89917,20332.0151,348571.1732,0,111.7143687,927.2292602,971.9150077,22.34287374,95437.58518,6200.147463,0,131644.2121,44417.633,4356.860379,111.7143687,8870.120875,32542.3956
CGGA_P136,886.2830652,5181.34715,26043.08699,15271.33897,1158.985547,272.7024816,73493.31879,20793.56422,1295.336788,409.0537224,1431.688028,10567.22116,9067.357513,55290.42814,1636.21489,681.756204,59244.61413,4090.537224,1090.809926,1772.56613,409.0537224,2931.551677,5999.454595,9544.586856,26043.08699,16021.27079,313335.1513,272.7024816,1090.809926,7772.020725,136.3512408,1636.21489,41928.00654,23247.88656,1908.917371,98581.9471,37428.4156,21611.67167,1090.809926,44995.90946,54335.96946
CGGA_P137,286.1412266,847.8258566,22901.89595,10311.68198,0,794.8367405,57164.65838,12102.7141,2045.379879,42.39129283,2882.607912,61530.96154,12017.93152,19775.5381,158.9673481,572.2824532,63873.08047,5086.955139,84.78258566,169.5651713,0,8774.997615,27352.9817,3136.955669,22901.89595,20379.61403,222384.7222,52.98911604,84.78258566,1292.934431,604.0759228,158.9673481,174927.6699,4769.020443,731.2498013,134814.909,60640.74439,5701.628885,84.78258566,16861.13672,21693.7441
CGGA_P142,402.2569879,173.9489677,17851.51281,4881.442907,173.9489677,1195.899153,35050.717,11339.29833,1424.207173,478.3596612,2794.055294,71569.12841,19808.4387,34007.02319,173.9489677,1130.66829,50977.91935,5685.956882,86.97448386,97.84629434,1163.283722,7142.779487,22308.95511,3478.979354,17851.51281,22167.62157,310498.9074,65.2308629,86.97448386,641.4368185,456.6160403,173.9489677,113132.0599,8229.960535,239.1798306,155782.1724,15666.27891,4479.185919,86.97448386,10002.06564,47042.32396
CGGA_P143,203.9692414,2294.653966,24955.63669,14043.28227,550.7169519,0,49248.37335,11330.49136,2335.447814,826.0754278,3855.018663,52318.11043,22915.94428,2243.661656,560.915414,163.1753932,39386.46052,4599.506394,509.9231036,0,397.7400208,12901.05452,23405.47046,2539.417056,24955.63669,18601.99482,208691.1294,91.78615865,509.9231036,1692.944704,1070.838518,560.915414,169906.3781,8505.517368,4558.712546,98782.30363,118189.977,13614.94687,509.9231036,6455.626492,51716.40117
CGGA_P144,767.2099133,395.2293493,25015.69293,11763.88534,220.8634599,918.3270174,41661.82317,11380.28038,7985.957734,197.6146746,3138.586009,56250.43591,14902.47135,19494.10643,348.7317788,1615.790575,60481.71483,6858.391649,267.3610304,104.6195336,592.8440239,8578.801758,38744.10062,2336.502918,25015.69293,16274.14968,298421.4075,116.2439263,267.3610304,1220.561226,569.5952386,348.7317788,118847.7902,7056.006324,8299.816335,92844.0239,45916.35087,10624.69486,267.3610304,17204.10109,42684.76972
CGGA_P147,726.5248639,1229.503616,25059.51915,7891.177753,178.8368896,245.9007232,40215.94554,8002.950809,1050.666726,1464.227033,2078.978841,79615.94778,15659.40514,32805.39193,1833.078118,1911.319257,63151.77663,5365.106687,0,0,55.88652799,12272.68155,31922.38479,4258.553433,25059.51915,25953.7036,285256.0162,0,0,2268.993037,1095.375949,1833.078118,114477.9639,6941.106777,5599.830105,98751.49496,43859.74717,4996.255603,0,15771.1782,31139.9734
CGGA_P150,1761.978702,715.8038477,21936.63484,11056.41636,165.1855033,396.445208,40085.01547,10230.48884,1662.8674,33.03710066,2664.992787,102756.3954,14073.80488,28455.95604,44.04946755,506.5688768,66448.6218,6728.556169,44.04946755,198.222604,418.4699417,9360.511855,25053.13467,2158.42391,21936.63484,21297.91756,168687.436,0,44.04946755,2004.250774,429.4823086,44.04946755,231028.4449,7895.867059,1376.545861,115299.4813,38554.29647,4856.453798,44.04946755,12895.48163,26649.92787
CGGA_P153,918.3579759,2663.23813,35448.61787,25071.17274,367.3431904,1102.029571,65846.26687,37377.16962,6428.505832,1010.193774,1102.029571,7163.192212,7438.699605,82193.03885,1010.193774,2479.566535,81366.51667,4775.461475,0,0,0,11203.96731,12948.84746,5510.147856,35448.61787,17448.80154,263201.3959,183.6715952,0,91.83579759,918.3579759,1010.193774,67499.31123,25438.51593,2387.730737,103498.9439,17632.47314,2663.23813,0,47479.10736,21673.24823
CGGA_P156,2371.140425,683.3854501,29344.15705,6254.012301,51.77162501,1408.1882,43498.51933,12466.6073,4255.627576,176.023525,2536.809625,91542.58734,15241.5664,18969.1234,31.062975,2164.053925,82637.86784,5808.776326,155.314875,310.62975,507.3619251,7672.554826,32481.51753,4856.178426,29344.15705,20615.46108,271542.1732,0,155.314875,1915.550125,745.5114001,31.062975,105034.2728,7113.421276,1128.621425,132493.9427,17043.21895,3385.864276,155.314875,19662.86318,24208.41185
CGGA_P157,211.8787714,4313.851787,19747.1015,9898.976202,50.85090515,59.326056,42672.38457,7881.890298,2923.927046,305.1054309,3991.796054,45231.88013,12916.12991,7483.558207,288.1551292,881.4156892,38460.23459,4161.299071,0,0,194.9284697,7780.188487,27264.56031,4025.696657,19747.1015,12856.80385,378754.4918,16.95030172,0,3042.579158,203.4036206,288.1551292,110914.2993,6729.269781,9568.445318,92404.5698,58181.91064,12077.08997,0,15077.29338,39392.50119
CGGA_P158,1826.317231,2648.159985,21550.54333,12692.90476,182.6317231,821.8427541,60725.04794,18719.75162,182.6317231,0,182.6317231,7944.479956,11505.79856,146653.2737,0,1826.317231,95972.9705,2830.791709,273.9475847,0,365.2634463,2922.10757,7944.479956,5661.583417,21550.54333,16893.43439,289836.5446,0,273.9475847,1095.790339,1278.422062,0,33421.60533,19176.33093,0,127476.9427,13606.06337,2556.844124,273.9475847,54058.99005,15067.11716
CGGA_P159,320.2441391,1412.84179,18771.95792,11811.35736,0,226.0546864,44702.31423,11528.78901,659.3261687,254.3115222,3720.48338,62541.79657,22294.64345,9249.404252,744.0966761,470.9472633,28671.26939,4982.622046,405.0146465,376.7578107,94.18945267,8966.835894,19723.27139,1883.789053,18771.95792,12734.414,228108.0165,235.4736317,405.0146465,1676.572257,339.0820296,744.0966761,119479.3207,7440.966761,9861.635694,179007.0548,60516.72334,5689.042941,405.0146465,4266.782206,96506.5132
CGGA_P160,161.9792155,3819.299397,13248.19478,9360.693612,187.5548811,51.15133121,65618.63272,9420.370165,920.7239618,682.0177495,1841.447924,38806.80995,12864.5598,1577.166046,520.038534,230.1809905,38900.58739,3708.471513,0,0,0,9872.206924,26283.25902,4143.257828,13248.19478,13120.31646,363958.772,25.57566561,0,1892.599255,1662.418264,520.038534,169038.0992,8260.939991,3401.563526,95968.42258,38124.7922,6385.39118,0,6334.239849,35840.03274
CGGA_P164,349.8644275,5510.364734,18542.81466,23091.05222,524.7966413,612.2627482,77844.83513,25627.56932,87.46610688,0,1661.856031,7347.152978,7609.551299,2274.118779,174.9322138,174.9322138,126825.855,1224.525496,524.7966413,0,0,4460.771451,13469.78046,5772.763054,18542.81466,4460.771451,219889.7927,0,524.7966413,3848.508703,1661.856031,174.9322138,49068.48596,29038.74749,3848.508703,221201.7843,34374.18001,11370.59389,524.7966413,6559.958016,71197.411
CGGA_P165,301.9323671,3079.710145,37016.90821,9420.289855,0,785.0241546,72222.22222,37801.93237,1992.753623,0,543.4782609,8574.879227,9722.222222,44746.37681,362.3188406,2053.140097,103562.8019,1871.980676,0,0,0,1509.661836,12077.29469,7548.309179,37016.90821,20712.56039,306642.5121,301.9323671,0,1509.661836,120.7729469,362.3188406,35326.08696,21497.58454,5253.623188,135567.6329,10386.47343,1207.729469,0,51147.343,17753.62319
CGGA_P17,1181.307545,521.1650935,25699.22983,6856.216341,23.16289305,1609.821067,35358.15623,14430.48237,3161.734901,115.8144652,2779.547165,64624.4716,19792.69211,22896.51978,0,1239.214778,66072.15241,9716.833633,104.2330187,660.1424518,405.3506283,9114.598413,29810.64335,4134.576409,25699.22983,20638.1377,307163.1247,138.9773583,104.2330187,1795.124211,648.5610053,0,112826.452,6462.44716,1308.703457,114656.3206,25583.41537,3856.621692,104.2330187,19005.15374,39701.19868
CGGA_P172,1814.628699,3908.431044,38386.37633,29383.02624,0,418.760469,54997.20826,20728.64322,2372.975991,0,2233.389168,8724.176438,8724.176438,44597.98995,0,1675.041876,79564.48911,3629.257398,139.586823,488.5538805,279.173646,6002.233389,11166.94584,8514.796203,38386.37633,15912.89782,298017.8671,0,139.586823,1256.281407,209.3802345,0,75865.4383,30918.4813,0,135678.392,20449.46957,1744.835288,139.586823,36432.1608,17099.38582
CGGA_P173,101.1644023,940.8289411,18330.98969,9924.227863,242.7945654,404.6576091,44613.5014,10662.728,2650.507339,222.561685,2427.945654,39342.83604,18219.70885,27456.01878,283.2603264,323.7260873,50663.13266,6626.268349,40.46576091,171.9794839,313.609647,8659.672834,20819.63399,2387.479894,18330.98969,12048.68031,304251.9398,20.23288045,40.46576091,799.1987779,404.6576091,283.2603264,188175.9047,7779.542535,1527.582474,88427.80402,44471.87124,15457.92067,40.46576091,13141.25585,38968.52775
CGGA_P174,553.3317636,565.1047798,24911.70238,8547.209795,94.18412997,741.7000235,33176.35978,9983.517777,1695.31434,35.31904874,2484.106428,62243.9369,16588.17989,19248.88156,105.9571462,2060.277843,59336.00188,6769.484342,35.31904874,0,58.86508123,10030.60984,32222.74547,2919.708029,24911.70238,18201.08312,328855.6628,23.54603249,35.31904874,1824.817518,1718.860372,105.9571462,105274.3113,6569.343066,117.7301625,114951.7306,51895.45562,3531.904874,35.31904874,17812.57358,29726.86602
CGGA_P175,145.6982589,5317.98645,23603.11794,23311.72142,0,218.5473884,148175.1293,22728.92839,2331.172142,1529.831719,1602.680848,5755.081227,9834.632476,4589.495156,364.2456473,509.9439062,43126.68464,1894.077366,0,509.9439062,0,2841.116049,11583.01158,15735.41196,23603.11794,13695.63634,357834.9239,0,0,1966.926495,2112.624754,364.2456473,77875.71939,15152.61893,3205.361696,88074.59751,13987.03285,2039.775625,0,30086.69046,44292.27071
CGGA_P176,1502.286088,468.103636,25789.2445,8295.231875,163.291966,1099.499238,37132.59308,11626.38798,7620.291748,108.8613107,3189.636403,61397.77923,15240.5835,12018.2887,97.97517962,3668.62617,75996.08099,5105.595471,21.77226214,163.291966,54.43065535,9329.414326,31645.98302,3385.586762,25789.2445,18745.9177,354974.9619,76.20291748,21.77226214,1915.959068,1186.588287,97.97517962,95645.54757,5160.026127,54.43065535,105181.7984,31352.05748,3581.537122,21.77226214,16927.93381,24145.43871
CGGA_P177,558.347292,663.0374093,17081.93747,7581.309324,0,226.8285874,36222.78057,7738.3445,14098.26912,78.51758794,2704.494696,35638.26075,6804.857621,13365.4383,270.4494696,1613.972641,88288.66555,4789.572864,113.4142937,235.5527638,235.5527638,5443.886097,17849.66499,3009.840871,17081.93747,15363.27471,429971.0357,34.89670575,113.4142937,1360.971524,1116.694584,270.4494696,107150.335,4379.536572,4370.812395,72454.28532,34530.29034,4449.329983,113.4142937,12344.70966,30281.61642
CGGA_P178,1269.84127,7936.507937,43174.60317,44285.71429,0,0,48888.88889,15238.09524,5873.015873,476.1904762,2380.952381,7301.587302,16507.93651,68253.96825,2380.952381,476.1904762,86190.47619,4285.714286,793.6507937,0,0,8730.15873,20317.46032,6825.396825,43174.60317,14920.63492,267301.5873,0,793.6507937,5396.825397,317.4603175,2380.952381,79206.34921,17936.50794,476.1904762,74761.90476,13492.06349,5079.365079,793.6507937,48095.2381,34285.71429
CGGA_P179,739.0630588,607.9389677,37418.04744,14399.80927,143.044463,870.1871498,33019.43021,11801.1682,11574.68113,262.2481821,2956.252235,60960.78198,14316.36667,3254.261533,393.3722732,1144.355704,63082.60818,7807.843605,750.9834307,166.8852068,143.044463,10573.36989,45190.12993,3135.057814,37418.04744,16056.74097,301692.6928,226.4870664,750.9834307,1537.727977,691.3815711,393.3722732,129765.1687,7950.888068,1656.931696,84408.15353,41232.56646,3301.943021,750.9834307,15997.13911,31457.86149
CGGA_P18,461.3855764,201.1167897,27328.2226,11700.265,70.98239637,508.707174,39123.1308,17650.9559,1904.694302,165.6255915,4164.300587,57164.48987,18277.96706,42837.87621,59.15199697,638.8415673,48551.95911,8281.279576,106.4735945,177.4559909,437.7247776,9961.19629,29422.20329,1739.068711,27328.2226,25470.8499,99718.43649,0,106.4735945,792.6367594,567.8591709,59.15199697,223795.6653,12019.68578,94.64319515,159319.9886,69953.15162,5903.369298,106.4735945,4247.113383,49581.20386
CGGA_P180,0,4156.769596,31792.43559,16901.15111,91.35757354,0,100264.937,13338.20574,0,91.35757354,1141.969669,7080.21195,8496.254339,3014.799927,2101.224191,228.3939339,63995.98027,2558.012059,0,274.0727206,0,2649.369633,16078.93294,26265.30239,31792.43559,8907.36342,313265.1197,0,0,3608.624155,730.8605883,2101.224191,51891.10177,21514.70857,1279.00603,151881.966,48510.87155,9729.581582,0,17586.33291,36680.06578
CGGA_P183,1449.214039,190.407684,25673.30273,7034.506104,42.31281867,1174.180718,56508.76933,14354.62373,1999.280682,137.5166607,1956.967863,62390.25113,15285.50574,34654.19849,84.62563734,2581.081939,68631.39188,7499.947109,21.15640933,296.1897307,42.31281867,9499.227791,20299.57476,4601.51903,25673.30273,22721.98362,305593.7546,52.89102334,21.15640933,1787.716589,285.611526,84.62563734,69953.66746,6071.889479,423.1281867,167484.7145,37383.37529,3205.196014,21.15640933,10959.02004,11868.74564
CGGA_P19,1963.728774,600.6699781,25597.78214,12567.86416,80.85942012,219.4755689,37472.56555,11331.87016,8074.390667,57.75672866,2125.447615,63994.45535,14935.89003,10442.41654,0,750.8374726,63832.73651,7704.747603,80.85942012,334.9890262,0,6861.499365,25967.42521,3049.555273,25597.78214,21739.63267,252731.8933,23.10269146,80.85942012,1374.610142,542.9132494,0,179196.0263,9090.909091,6099.110546,96615.4557,54002.5413,4112.279081,80.85942012,24581.26372,26082.93866
CGGA_P205,0,5568.901507,22057.21773,27735.31339,1201.135619,655.1648832,110832.0594,15287.18061,0,327.5824416,1419.523914,8407.949334,11574.5796,6114.872243,764.3590304,873.5531775,40074.25202,2620.659533,0,0,0,3166.630269,16488.31623,7643.590304,22057.21773,26097.40118,310111.378,0,0,8298.755187,873.5531775,764.3590304,44987.98864,23913.51824,4804.542477,136274.2957,32430.66172,9936.667395,0,49464.94868,47171.87159
CGGA_P23,443.7869822,6582.840237,24334.31953,17825.44379,0,0,149926.0355,24112.42604,443.7869822,0,1331.360947,7026.627219,8062.130178,33210.05917,147.9289941,295.8579882,49556.21302,2810.650888,0,0,369.8224852,5029.585799,9985.207101,11982.24852,24334.31953,17381.6568,253550.2959,0,0,813.6094675,221.8934911,147.9289941,46375.73964,21671.59763,8136.094675,139275.1479,15606.50888,8357.988166,0,61612.42604,49038.46154
CGGA_P25,293.2336339,6084.597903,24778.24206,31229.38201,439.8504508,586.4672678,67370.42739,20819.58801,1906.01862,879.7009017,1612.784986,4545.121325,14954.91533,1392.859761,1832.710212,439.8504508,95667.47306,2565.794297,659.7756763,0,0,1392.859761,12682.35467,12022.57899,24778.24206,25804.55978,185543.5818,293.2336339,659.7756763,3372.18679,1759.401803,1832.710212,99332.89348,23678.61594,953.0093102,172128.1431,39366.61535,14221.83124,659.7756763,38486.91445,62971.92288
CGGA_P265,1576.320168,7881.600841,22156.0557,11997.54795,963.3067694,0,121026.3596,31701.55005,437.8667134,0,1138.453455,6217.70733,8844.90761,3853.227078,175.1466853,350.2933707,68307.20729,3765.653735,0,525.440056,0,3502.933707,9457.921009,10859.09449,22156.0557,22593.92241,310184.7798,0,0,963.3067694,350.2933707,175.1466853,30125.22988,39057.71083,437.8667134,162536.124,33803.31027,3590.50705,0,28636.48305,30650.66994
CGGA_P27,818.0516736,691.4484384,32361.73466,9709.494269,0,555.1064928,38195.22219,9514.720061,6310.684339,29.2161312,1295.248483,62717.29498,11890.9654,18678.84655,77.9096832,1188.122669,60009.93348,4733.013254,19.4774208,0,185.0354976,7566.977981,32985.01212,2045.129184,32361.73466,16682.41092,316400.9622,19.4774208,19.4774208,1431.590429,311.6387328,77.9096832,136887.3134,7021.610198,1197.861379,106200.6369,43278.82902,2941.090541,19.4774208,11939.65895,21629.6758
CGGA_P271,2509.620211,2844.236239,43667.39167,24259.66204,0,752.8860632,53287.60248,37476.99515,1505.772126,0,2091.350176,9118.286766,14388.48921,113183.8715,250.9620211,585.5780492,53120.29446,5772.126485,0,0,334.6160281,4851.932408,7026.93659,5019.240422,43667.39167,17316.37945,293709.2187,0,0,83.65400703,250.9620211,250.9620211,93106.90982,11711.56098,1756.734148,71775.13803,11795.21499,3011.544253,0,40572.19341,28944.28643
CGGA_P28,634.6926334,4735.141094,20376.97402,9737.521191,200.4292526,33.40487544,40495.06025,8509.892019,6756.136058,192.0780338,2847.765631,59076.52222,10722.96502,2806.009537,384.1560676,1578.380365,43184.15273,4584.819154,33.40487544,75.16096974,125.2682829,18239.06199,32786.88525,2313.287624,20376.97402,22155.78364,419890.9331,16.70243772,33.40487544,3256.975356,342.3999733,384.1560676,108148.2842,6806.243371,15508.21342,57982.51255,25446.16387,1686.94621,33.40487544,10714.6138,36787.11908
CGGA_P83,477.4761479,512.2016859,23378.96848,6875.65653,43.40692254,928.9081423,39708.65274,10582.60771,685.8293761,34.72553803,763.9618366,79573.57039,8290.722204,14376.37274,130.2207676,286.4856887,41601.19456,2960.352117,0,390.6623028,251.7601507,4566.408251,28379.44595,3732.995338,23378.96848,20305.75836,241151.4988,0,0,546.927224,451.4319944,130.2207676,203734.7316,13134.93476,0,188568.3529,13508.23429,1310.889061,0,4687.947634,20557.51851
CGGA_P84,1565.457615,634.3684453,26397.91272,11848.36548,71.62224382,603.6731979,40712.12974,10978.6668,1463.140124,122.7809894,2578.400778,57226.17281,14723.48698,14559.77899,81.85399294,1647.311608,66230.11204,7438.481608,20.46349824,511.5874559,235.3302297,5995.804983,23737.65795,3038.829488,26397.91272,19849.59329,250800.6344,40.92699647,20.46349824,1330.127385,276.2572262,81.85399294,164117.2558,7551.030849,1207.346396,127334.1178,60029.67207,5310.277792,20.46349824,22213.12733,20995.54919
CGGA_P86,1041.287031,281.1474983,32311.13656,5393.866819,166.6059249,1124.589993,44015.20279,13151.4552,104.1287031,114.5415734,1582.756287,62227.31296,11547.87317,21721.24746,41.65148123,4217.212475,85979.07013,5799.968761,31.23861092,0,104.1287031,8382.360598,26136.30447,4102.670901,32311.13656,20815.32775,295777.5811,0,31.23861092,1791.013693,531.0563857,41.65148123,84083.92773,5664.601447,41.65148123,151476.0244,40256.15661,2561.566096,31.23861092,19659.49914,15348.57083
CGGA_P89,130.0910637,3002.101471,21635.1446,11077.75443,250.1751226,60.04202942,59651.75623,10717.50225,6474.532173,550.3852697,5824.076854,40098.06865,9946.962874,1110.777544,230.1611128,350.2451716,71560.09206,4152.907035,570.3992795,0,50.03502452,5623.936756,31752.22656,1400.980686,21635.1446,17202.04143,205513.8597,0,570.3992795,1871.309917,730.511358,230.1611128,187621.3349,8495.947163,2541.779245,136525.5679,55889.12239,1631.141799,570.3992795,10457.32012,62293.60552
CGGA_P93,1140.129666,859.9283071,21942.665,9188.672135,19.32423162,1043.508507,41054.33008,10174.20795,3613.631313,77.29692648,2125.665478,54987.10108,13536.62425,6889.088573,38.64846324,599.0511802,55644.12495,5517.068128,38.64846324,425.1330956,454.1194431,6000.173918,27111.89696,2463.839532,21942.665,21691.44999,299023.1601,19.32423162,38.64846324,1333.371982,637.6996435,38.64846324,161309.0234,10212.85641,173.9180846,142970.3276,24242.24857,4734.436747,38.64846324,21662.46365,24986.23148
