"","cluster1","cluster2","cluster4","cluster5"
"CGGA_1001",0.861260674926277,0.579314144108536,0.636892275935541,0.551326200949118
"CGGA_1006",0.162547392894547,-0.103963304627319,-0.291025271778223,-0.30890869175018
"CGGA_1007",0.62405124178199,-0.587923439318895,-0.167083637152736,-0.16235946179522
"CGGA_1011",0.673804966897177,0.580035003899079,0.650752537189303,0.623858417751661
"CGGA_1015",0.801407416380623,0.311389468543146,0.513992910540305,0.390680466181722
"CGGA_1019",0.750094086073878,-0.121625058507461,0.179667390455243,-0.223596328601373
"CGGA_1022",0.75596197601214,0.209288730311016,0.530567524067401,0.522895652800505
"CGGA_1023",-0.0459627873324564,-0.463553941786916,-0.491675080201562,-0.547429169742562
"CGGA_1024",0.69337805281938,0.17850316517536,0.377033526437099,0.465319923893502
"CGGA_1026",0.447242053621855,-0.134799864866898,0.212333571925924,0.470458523250687
"CGGA_1034",0.395661756296422,0.626281388038924,0.662204120902874,0.658100792610281
"CGGA_1035",0.703773287918517,-0.273358205404095,0.0522606579693117,0.000560062472787337
"CGGA_1039",0.261745777930229,-0.112932422045683,-0.292165104538458,-0.119413417512262
"CGGA_1045",0.754673471375607,0.185465382986371,0.297808818301605,0.173729947455058
"CGGA_1049",0.716078605671638,0.23669138850998,0.327583983318253,0.447640959568542
"CGGA_1052",0.581205725759288,-0.539653752263292,-0.395822283175928,-0.320064190492112
"CGGA_1072",0.199066322046665,0.108116804413996,0.218508675903934,0.40728203832642
"CGGA_1077",0.665983173418024,0.133972342373446,0.443832322554935,-0.0608904362919496
"CGGA_1078",0.777235255833074,-0.212445040908789,0.343241704510687,0.641729426276397
"CGGA_1079",0.776198726560277,0.317144886497371,0.419437954762894,0.365365696200903
"CGGA_1081",0.378854380084475,-0.414253620189758,-0.161945301325217,-0.236985988140011
"CGGA_1083",0.83742229944287,0.374740465223783,0.616089669826322,0.640049286797244
"CGGA_1091",0.665008125492118,-0.434546802232745,-0.154518646726826,-0.202763444934061
"CGGA_1109",0.104196003117296,-0.537804101454931,-0.390074274651478,0.0524653306922331
"CGGA_1124",0.701559341299845,0.351246519715098,0.39142240423076,0.080305780187085
"CGGA_1139",0.28826344427105,-0.560801310332077,-0.408684904393341,-0.360773804623773
"CGGA_1140",-0.335269637424011,-0.30941607164915,0.0941705069220122,-0.303269074000379
"CGGA_1145",0.797050271225281,0.2478579338824,0.481273348792329,0.648623342088643
"CGGA_1171",0.719832068847046,0.473656383278188,0.523358552281519,0.670641449636128
"CGGA_1177",0.759613970324284,0.386575294320677,0.551668761324196,0.0928821801745246
"CGGA_1180",0.389117887309374,0.0644101561981711,-0.213490729879882,-0.414862347086247
"CGGA_1188",0.398723312801322,-0.458181925360991,-0.464132896535157,-0.512823717050225
"CGGA_1214",0.252286818825783,-0.40296203841218,-0.407372737665765,-0.396762178343659
"CGGA_1216",0.546779091875996,-0.0637857991544691,-0.0297730636818315,-0.0185287943012087
"CGGA_1218",0.61782783134104,0.0893611149047615,0.310420009450103,0.3978177847895
"CGGA_1224",0.749512448820032,0.641076496235984,0.624584507099257,0.596850737986738
"CGGA_1234",0.526290314665482,0.348868646407016,0.46096156179153,0.496622038101084
"CGGA_1237",0.329177755393966,-0.521850667026749,-0.373924982292854,-0.482838582711532
"CGGA_1240",0.79236828662603,0.594970358777079,0.613411514399004,0.46791929657827
"CGGA_1251",0.42245643434577,0.26482107480922,0.364585400418383,0.406483649942203
"CGGA_1258",0.614983207224903,-0.465879240973721,-0.0445958418979268,-0.083045035474238
"CGGA_1263",-0.0805868358386901,-0.507643689193858,-0.490296974580588,-0.43638131882885
"CGGA_1270",0.812494529401338,-0.607767345462591,-0.263910649614721,-0.364312838895376
"CGGA_1271",0.308327886369292,-0.53374624182145,-0.331784896409213,-0.241082262419884
"CGGA_1272",0.0576695512415342,0.0446377220070872,-0.360700667219589,-0.288867730314506
"CGGA_1280",0.424512547138804,-0.283311095289222,-0.0113677231840158,0.564052349882772
"CGGA_1281",-0.530460839478451,-0.502532988708527,-0.337023351628559,-0.168212729261739
"CGGA_1283",-0.375532375403594,-0.659674410893357,-0.63888273759075,-0.689902425501242
"CGGA_1284",0.836039740608562,0.536453727047066,0.613393680118913,0.708448043960737
"CGGA_1285",0.561318539796427,0.491505728637265,0.320132532857397,-0.0185970208689394
"CGGA_1292",0.164442940487295,-0.272917265637441,-0.316115372744613,0.220290955669474
"CGGA_1299",0.494962953863727,-0.552263525807049,-0.165729845855387,-0.257027583265046
"CGGA_1301",0.710692486601692,-0.247565897481484,0.287849859376492,0.427276016551998
"CGGA_1313",0.690652565711832,0.327529413598494,0.395591172732287,0.537653959897954
"CGGA_1320",-0.154647823219472,-0.597904269974584,-0.494324850907663,-0.437790676979017
"CGGA_1332",-0.315071993180638,-0.637027467548428,-0.653577359471901,-0.677471678254708
"CGGA_1338",0.768615973433686,-0.255775086802209,0.0826802839625562,0.280326603091818
"CGGA_1340",-0.607488733376986,0.417402096133671,0.365319091814953,0.504721263583926
"CGGA_1342",0.693870659086952,0.459572344549152,0.306122281237231,0.543384716124309
"CGGA_1343",0.442024087272189,0.118421841715316,-0.09466294693272,0.0526967468817921
"CGGA_1346",0.717090635840003,0.0339747804796613,0.391653022087396,0.0587266621882182
"CGGA_1370",0.0770055293833529,0.195198896390322,-0.21744813570119,-0.357793178378111
"CGGA_1393",0.606267772912648,0.16932569926623,0.0926823754123454,-0.108769017195255
"CGGA_1408",0.664536713217699,0.115745046136512,0.234879009365615,0.652112613814325
"CGGA_1411",0.804222606984494,0.214040003276147,0.553744277917466,0.600855077312576
"CGGA_235",-0.736838172467463,-0.622268256340164,-0.416102763086098,-0.300622773527593
"CGGA_269",0.795562598684305,0.545863192750511,0.660754028084201,0.602615489184491
"CGGA_272",0.768539552339613,0.606730845850108,0.527424123474383,0.60057029285452
"CGGA_274",0.435422761021904,-0.0904545507134171,0.00128850372977757,-0.303168682821578
"CGGA_276",-0.56529623901725,-0.423769959153527,-0.190149865084047,0.182184301120454
"CGGA_318",0.506905361473086,-0.0621849338363341,0.0086626996897945,-0.358292035799009
"CGGA_323",-0.654629646790672,-0.66135946133658,-0.427968631917461,-0.530812486147217
"CGGA_330",0.7384465366655,0.55375296120852,0.621297303050495,0.661532005961925
"CGGA_413",0.648277117355648,-0.15393584934572,0.17100358068057,0.562157900533991
"CGGA_426",0.80098118080197,-0.254053351427967,0.225816615952281,0.0956243046303788
"CGGA_448",0.680281239612261,0.732429763546167,0.720972616841649,0.705987602671238
"CGGA_483",0.669144112487432,0.293214958402802,0.40544372727673,0.525273430295475
"CGGA_488",-0.166890589157644,0.224685691857202,-0.00924213592216136,-0.140160835832238
"CGGA_493",-0.572025227604476,-0.0146815859380089,0.453828716062024,0.188072688679505
"CGGA_494",-0.443322794188963,-0.228190000147837,0.229963444692365,-0.114484860757722
"CGGA_499",0.0533733048089372,-0.311779161464847,-0.325213814361378,0.108450516841218
"CGGA_525",0.829170880493294,0.0561351009988075,0.372587300549241,0.37062822435502
"CGGA_541",-0.619463771550873,-0.656239415539176,-0.400895047946057,-0.57465423584338
"CGGA_564",0.0236123365673037,-0.483960802518477,-0.0696762327052926,0.225960968537522
"CGGA_565",-0.460940049575584,-0.0390897083742312,0.388373678229667,0.418906122854053
"CGGA_578",0.270845432608063,-0.692774904837375,-0.428227134023342,-0.252714299978386
"CGGA_599",0.092188369060164,0.260572445095699,0.384329226837085,0.547907627832089
"CGGA_604",0.556425070421039,0.457326680672437,0.413029338594234,0.487389041822358
"CGGA_616",0.554238635735883,0.369246196453556,0.373379853390556,0.542599759010222
"CGGA_624",0.709217463086857,-0.0694930539465194,0.253441148400371,0.471956373943489
"CGGA_630",-0.690140537591792,0.0435308934169362,-0.0621043312630815,0.216022345273835
"CGGA_633",-0.666991145275152,-0.651218135241277,-0.471992874597375,-0.298040557495774
"CGGA_638",0.55572392128235,-0.301468976819296,0.273611392221578,0.5349029313901
"CGGA_643",-0.340331576641379,-0.429682942219474,-0.474835832096921,-0.518039361701102
"CGGA_658",0.508534805881926,-0.374172134505815,0.0943360367306928,0.361761870552455
"CGGA_659",-0.623556206804176,-0.252403520755209,-0.262741968058806,-0.430811750841962
"CGGA_661",0.700338030515386,0.614651980377095,0.534770434701655,0.569342970688696
"CGGA_669",-0.632559298209899,0.209660736675472,0.397638679107133,0.162744099066365
"CGGA_676",0.55614274499027,-0.327389670730686,0.147207407365649,0.408336732762202
"CGGA_678",0.317710079577643,0.0417859321482157,0.221519867299738,0.0399471633086905
"CGGA_679",0.764094482279483,0.530978918779623,0.512294534816809,0.636483048778492
"CGGA_680",-0.190359102587984,-0.327145369115914,-0.238589968972576,0.0828308776775379
"CGGA_700",-0.447061107423988,0.0427173809188794,0.0974975790481731,0.551667272128746
"CGGA_727",0.447220939177789,0.498952623726082,0.522853849052633,0.600800065340137
"CGGA_731",0.779419731137658,-0.384796288235833,0.362217682171569,0.555293310399511
"CGGA_732",0.473254901488008,-0.16715899689215,0.0325525694928946,0.315972197130116
"CGGA_766",-0.145641443756565,-0.256088715250526,-0.466049358470849,-0.120933092410047
"CGGA_773",0.35858175678967,-0.0247809425548212,0.473498548275482,0.515048556741894
"CGGA_782",0.732517291367456,-0.160459429932446,0.405581011874668,0.556669435338726
"CGGA_789",0.771610527822172,0.136693958780937,0.459787049443481,0.282292468661027
"CGGA_791",0.394540492691506,0.225765137269417,0.442750529668929,0.600057259600024
"CGGA_796",0.3264339713431,-0.321640468424071,0.262301054429393,0.32073416988699
"CGGA_802",0.637161983298902,0.359880655257724,0.51166110427619,0.649797403509109
"CGGA_804",0.493133847318839,0.139080143565783,0.444177046554764,0.716803262601577
"CGGA_807",-0.726282114070028,-0.685438088013557,-0.475090233121989,-0.528229425199553
"CGGA_808",0.723362406383317,0.402781334217249,0.562719664017409,0.676173539609782
"CGGA_837",0.726254587385632,-0.223027022466388,0.0538904970735783,-0.155253904220742
"CGGA_842",0.856480885892987,-0.23951759070858,0.237477459895661,0.223053574562511
"CGGA_848",0.756747838448362,0.370732226535478,0.581339990377281,0.626107282374859
"CGGA_850",0.706726528328588,-0.657355063683187,0.0289168503262975,0.301261945623655
"CGGA_859",0.738568550811142,0.132237983461029,0.458040697087414,0.405102890516971
"CGGA_871",-0.409815852483111,-0.529116238129454,-0.443629185968659,0.0908816776922985
"CGGA_876",0.856543317788803,0.57429037455524,0.65111252988985,0.658483737944673
"CGGA_878",0.829265310158912,-0.17793643631134,0.348566431555086,0.43830728962225
"CGGA_902",0.51446134751596,-0.330775432550491,-0.157327460375636,-0.163307703719527
"CGGA_D02",0.560406631295209,-0.50522426490073,-0.355364801235058,-0.0709122464384012
"CGGA_D03",0.713504534553133,-0.150724408436872,0.372304689387686,0.162939139587328
"CGGA_D06",-0.243373754229089,-0.236792858030381,-0.193165764277966,-0.483202120602564
"CGGA_D09",-0.104044189655617,-0.66168566938301,-0.527923496483687,-0.541541771839821
"CGGA_D11",0.585769969948385,0.57662923432567,0.553425482937132,0.479550665326834
"CGGA_D16",0.757715615091374,0.747172694055902,0.737201095101196,0.689327371749808
"CGGA_D18",0.450388598265457,-0.346736365832572,-0.131843846435066,-0.0682728915903058
"CGGA_D26",0.637960509092158,-0.36096085537643,-0.0281094436908173,-0.443383036787887
"CGGA_D32",0.782409551504216,0.0732076086601442,0.360498636286341,0.182115224159576
"CGGA_D35",0.824881334308727,0.373876361055781,0.615901676305388,0.379402609504773
"CGGA_D36",0.775958637311708,-0.199922806445054,0.174006228764812,-0.130833982348769
"CGGA_D37",0.601532293154197,-0.298080094116543,-0.203909148516827,-0.051707898515006
"CGGA_D44",-0.192047218642322,-0.0214321954676241,-0.291432703531675,-0.297682987243475
"CGGA_D51",0.578649248781756,0.248914625048254,0.405369102877561,0.301971415600228
"CGGA_D57",0.636184142857526,-0.350162381132877,-0.129025489829168,0.0887801049478475
"CGGA_D58",0.407421612239732,0.414261350556679,0.522353061348611,0.338793517925411
"CGGA_342",0.801746753201699,-0.164457842194867,0.490582433585018,0.433638559509275
"CGGA_719",0.570233648472652,0.436011297097038,0.421039399469284,0.305576409341701
"CGGA_J030",-0.670535845066109,-0.142379637141877,0.0216408731587854,0.303368379340568
"CGGA_J130",0.350711611005728,-0.473784209399411,-0.083796229569872,0.0580466700682104
"CGGA_1005",-0.591296864381938,-0.451086131405275,-0.209831838834253,0.123464106367798
"CGGA_1013",-0.308261277427509,0.283760754856892,0.441403619731687,-0.107375712979678
"CGGA_1020",-0.0996142699804966,0.584959805570802,0.486210553781468,0.512836900523582
"CGGA_1027",0.17330625745581,-0.571624716660958,-0.330553856592718,-0.330924864548526
"CGGA_1031",-0.400445866604043,-0.0859033134984674,0.212259032075335,0.371295260438827
"CGGA_1046",-0.577284868171606,-0.175300307916087,0.215401423610538,0.452584299926535
"CGGA_1050",-0.6415962633284,-0.489216971119527,-0.141488760413918,0.127830611028123
"CGGA_1060",-0.0593545230368158,-0.21927248972947,-0.353733721451965,-0.120321241935358
"CGGA_1061",-0.603271284044071,-0.132258090565832,0.0467239571327351,0.453858299840466
"CGGA_1068",0.651804090634614,0.509812992207675,0.460083318775802,0.599652319004121
"CGGA_1094",-0.293031218577421,-0.394829292220637,-0.407009623101541,0.371645679617639
"CGGA_1105",0.710038062673732,0.458320343048907,0.497147812702948,0.412467720976197
"CGGA_1113",-0.458016058904188,-0.453826422526282,-0.424219930976203,-0.293016907459973
"CGGA_1129",-0.123612603215572,0.40253444034959,-0.220845764323486,-0.418669766148371
"CGGA_1136",0.51051430226166,0.32484065940558,0.462425849641091,0.674628901564603
"CGGA_1146",-0.322180417933457,-0.245610820474674,-0.0715613076827711,0.220147507678029
"CGGA_1160",0.688993435434695,0.0534892136216203,0.24457716930456,0.144384121848812
"CGGA_1170",-0.127205846623909,-0.153660272335053,-0.0337741902889882,0.0370687971893253
"CGGA_1175",0.371738862150012,-0.143823934736119,0.041746541130655,0.199181458577465
"CGGA_1189",-0.575728457101547,-0.0445527714114455,-0.17117447317681,0.263687172828529
"CGGA_1190",-0.644567198821094,-0.502011316186625,-0.580607751221323,-0.423792027839208
"CGGA_1215",0.590561171193727,0.482286342597519,0.560243986506584,0.646244134732193
"CGGA_1219",-0.136887981969744,0.0803555910837547,0.0423677894079353,-0.125959007988995
"CGGA_1227",0.307342131703929,-0.555282838571309,-0.422766047488272,0.0831511578826224
"CGGA_1231",0.332553720059393,-0.260445253468405,-0.361894791184591,-0.366511117479309
"CGGA_1287",0.49849796734467,-0.0695094956578102,0.167820487319312,0.617669305996491
"CGGA_1307",0.475245370264348,-0.102141084953793,0.323031733458127,0.601975266794412
"CGGA_1314",0.453177104146277,0.324659668806789,0.314566785440868,-0.0686046419225637
"CGGA_1322",-0.599494376298055,0.215185882830026,0.125034557482493,0.266083874206681
"CGGA_1324",0.2439656431641,-0.360693926017791,0.0348925874253808,-0.13653587759366
"CGGA_1329",-0.148826267425496,-0.1871501004941,-0.00909078400535396,-0.0242413693236407
"CGGA_1330",0.479630405834907,-0.0488643131412914,0.0562299371971839,0.357143627994444
"CGGA_1374",0.15436663634346,-0.342562970753806,0.0221269866996017,0.0358174817640245
"CGGA_1375",-0.443264821793237,-0.501881261055032,-0.551440991200505,-0.609772336653107
"CGGA_1381",-0.265682440275716,-0.659454892211163,-0.436238854436352,-0.530326421078905
"CGGA_1384",-0.118002235004755,-0.568777764037937,-0.116414324447196,0.0317848628506203
"CGGA_1388",0.59293685399535,0.242528675429604,0.514525449307909,0.686729195273567
"CGGA_1394",-0.380411942797004,-0.2477529805022,-0.181207804110848,0.0998594375666469
"CGGA_1406",0.601292972176565,0.398760727264538,0.543580058359357,0.773780646268319
"CGGA_1409",-0.385395480449519,0.573268646576686,0.508535348736849,0.171625324438069
"CGGA_1412",0.572091143777183,-0.0999315265911717,0.283229236769168,0.549239631745905
"CGGA_171",-0.591913705339309,-0.700998156343751,-0.353749123744081,-0.424630015713444
"CGGA_236",-0.0378955156849597,-0.5056352143202,-0.346539651632877,-0.182329881715807
"CGGA_241",-0.0179619619553965,0.4773320254468,0.465276542466286,0.295087161974136
"CGGA_245",0.72633432407464,0.617762698271242,0.595634469415127,0.503221135580245
"CGGA_251",-0.51228248302575,-0.282166693447399,0.179711788518329,-0.232570011880017
"CGGA_252",-0.45130846710482,0.20398502412625,0.192885395313827,0.61008083363319
"CGGA_254",-0.509671391919401,-0.329661915406048,0.268197005550677,0.312772081100822
"CGGA_256",0.185587168824242,0.0871004518566824,0.514033109785567,0.71735164542825
"CGGA_261",-0.666236110285356,-0.289606467095254,0.105139010305946,0.0753177427080511
"CGGA_267",-0.725012673458315,-0.630428313669308,-0.520907200038608,-0.0116390348167663
"CGGA_273",-0.394367710580708,0.392394002179073,0.393378909814177,0.330644651340856
"CGGA_283",-0.367909870601923,0.119590557117164,0.228436146648379,0.321233540867249
"CGGA_300",-0.638262463189903,-0.547306610333408,-0.177934588916075,-0.357159314467823
"CGGA_314",-0.434619265218069,-0.0192242608859791,0.11981220059162,0.63769502805183
"CGGA_333",0.160548925920697,-0.0756243492991632,0.249438550464501,0.500716693626815
"CGGA_337",0.48308691444138,-0.27583337031657,0.132609310815068,0.357902025722945
"CGGA_374",0.185046117076949,-0.454066978353591,-0.406458117619376,-0.341149093441375
"CGGA_400",0.663196656868424,-0.467287059605204,-0.121652709808911,0.404625927255877
"CGGA_431",-0.414713588095206,-0.44160544025502,-0.518320808296261,-0.452214909640507
"CGGA_446",-0.45301670026739,-0.651427319641717,-0.486305677011304,-0.0691137236089301
"CGGA_458",0.00127115287680757,-0.0491379659005449,0.30928427376397,0.593184363016057
"CGGA_479",-0.0401300334712582,-0.39265290591959,-0.105607922087343,0.128752621815448
"CGGA_485",-0.0382944095131734,-0.567723024211117,-0.0643523252284691,0.432137717164018
"CGGA_490",-0.552634360084843,-0.0257048448214564,0.430561925386387,0.408466067823004
"CGGA_491",-0.0161724498393239,-0.100947236451131,0.271230367975498,0.460134729113761
"CGGA_501",-0.13064615342156,-0.228006571021103,0.0566216506076146,0.414047590519953
"CGGA_502",-0.0596732086773077,0.185032166777138,0.335486054273816,0.669076321040555
"CGGA_510",0.0939205848347267,-0.532721388089986,-0.0562510001976365,0.518817767541464
"CGGA_538",-0.671152641887866,-0.376567275183854,-0.307234356761675,0.1876525259036
"CGGA_543",-0.624964286182096,-0.479065649406316,-0.221641310062545,-0.280468865097696
"CGGA_545",0.519493559442829,0.102386120770678,0.298096443512597,0.625554046755755
"CGGA_551",-0.603503870164202,-0.511526561954053,-0.356992250931218,0.213311975213587
"CGGA_560",-0.617082246507947,-0.558729757066962,-0.587429300817681,-0.356422254315619
"CGGA_580",-0.50222635047391,-0.267551221628621,0.161790907611122,0.12968463980675
"CGGA_591",0.232256705073587,0.0797985786353715,0.480573356092771,0.437145244127671
"CGGA_598",-0.59089098639528,-0.294671792590512,-0.153496347219429,0.317728863757552
"CGGA_601",-0.618085504331395,-0.545474669832159,-0.455208060567503,-0.228974327213536
"CGGA_603",0.715188757233696,0.387474040195561,0.521095122313119,0.699745809007907
"CGGA_605",0.649829483441686,0.576811974790113,0.596803117102647,0.628373872445632
"CGGA_607",-0.276948030116732,-0.118989935184481,-0.0242124385351227,0.653052711178135
"CGGA_632",0.322980252974847,-0.240571606002587,-0.227855977152358,-0.503680002602059
"CGGA_635",-0.102072668131993,-0.404563846389313,-0.194212759183302,0.347297586580349
"CGGA_641",-0.577828918577346,-0.310571609999595,-0.389416712671669,-0.216491004368498
"CGGA_642",-0.571726541400532,-0.111045748033844,0.319205938796418,0.249617317189711
"CGGA_655",-0.102039174161975,0.266828297913207,0.243253040984558,0.469328648669379
"CGGA_662",-0.448791082862782,-0.459102359332358,0.0693908085298287,0.435756081578337
"CGGA_666",-0.460213647641492,-0.64425416054008,-0.406431087136004,-0.25553876106466
"CGGA_671",-0.681707176386838,-0.372892567309119,-0.215270147395534,0.193127464615861
"CGGA_675",-0.456794558827617,-0.512509920405261,-0.0306271144380167,0.215076997233753
"CGGA_685",-0.583465199585977,0.0478761499569633,0.0195590899181016,0.482744227134169
"CGGA_689",0.0546127981930689,-0.490849750205503,-0.494794820427355,-0.335144709573508
"CGGA_694",0.749666795083522,0.392321945762873,0.626417543385211,0.516438380565114
"CGGA_698",-0.378703645119475,0.309569137415652,0.37363584240547,0.746877019815462
"CGGA_704",-0.376803848653781,-0.330253543217239,0.0318499365210304,0.422968172419526
"CGGA_710",0.71288690710489,0.589931593572294,0.633797284578657,0.714488864101714
"CGGA_715",-0.627646679760183,-0.610047975069744,-0.375277211364245,-0.151988804778484
"CGGA_725",-0.338932897173682,-0.626761714541051,-0.359452897153948,0.101707100923757
"CGGA_747",-0.0606319661385081,-0.32494522641448,-0.370112123069233,-0.419939553889784
"CGGA_752",0.391497372760399,0.272754830449231,0.468472490971343,0.654803675283184
"CGGA_757",-0.581339130281726,0.432742266756438,0.477662701565123,0.400323340799675
"CGGA_760",-0.469561436237887,0.144407640489537,0.485429712235968,0.440378078770175
"CGGA_761",0.289881154876967,0.0386213805357525,0.175774797415141,0.333263861294435
"CGGA_762",-0.625528490635765,-0.177314953985944,-0.000727808044136857,0.28262105307447
"CGGA_785",-0.311464514553111,0.453018310393809,0.590505004560094,0.569200364375197
"CGGA_812",0.607317543488367,0.462987920933444,0.693099132067854,0.689804087743067
"CGGA_815",0.511166275138969,0.197839371213465,0.226209605757258,0.571680132307873
"CGGA_818",0.0781356237129597,-0.100834279885176,0.214042284218251,0.235341356969888
"CGGA_822",-0.519737645577162,0.0978190257293724,-0.0640258924594436,-0.0450127479013769
"CGGA_834",0.768544894231215,0.12856832947494,0.163207941213304,0.481770524472148
"CGGA_835",-0.285334612295383,-0.148437945481797,0.320690687988213,0.14049505277655
"CGGA_838",-0.704268990812961,-0.350800262969312,0.0269116768197686,0.0504247474188226
"CGGA_843",-0.5789027814845,-0.134468533409705,-0.217041431153499,0.29633414775428
"CGGA_856",-0.625096030360164,-0.537856873665435,-0.419254672507315,-0.521936780279192
"CGGA_858",-0.713006492350118,-0.592922193775076,-0.303015617798734,-0.101113619246914
"CGGA_864",0.415640695660759,-0.0850477668974497,0.287318749094236,0.620929219000796
"CGGA_884",-0.491750055446408,-0.577888371078517,-0.400873629965708,0.194236242016073
"CGGA_892",-0.416129143496913,-0.415772638350639,-0.273794222816125,0.113682769554881
"CGGA_893",-0.739735819610759,-0.0608865670926955,0.383197383718084,0.373550120788306
"CGGA_898",-0.640497124071964,-0.543780281501142,-0.126720808889433,-0.216410005616338
"CGGA_899",0.247970394856556,0.190925077009562,0.0496274190378734,0.321451753118635
"CGGA_904",-0.282013093378396,-0.370380200168137,-0.494363882170892,-0.350939227975121
"CGGA_905",0.431268585262641,0.127703438119176,0.37493992127707,0.547069917158871
"CGGA_908",-0.318703869617368,0.208845060881392,0.385629912036859,0.598910674715429
"CGGA_909",-0.588377600403361,-0.456948463376707,-0.347665180606766,-0.000369786405906708
"CGGA_D04",-0.685252241626392,-0.651732725397961,-0.00566705331753442,0.00635825034324422
"CGGA_D07",-0.66515475364109,-0.517565039470447,-0.397094100772708,-0.55147549998917
"CGGA_D14",-0.250639735668976,0.302893677882194,0.459870920590658,0.195245037699956
"CGGA_D15",-0.832662106046203,-0.0925109858757421,-0.429673272926308,-0.149961237411442
"CGGA_D20",-0.695305486771498,-0.561677321720028,-0.254680572726976,-0.4130968374159
"CGGA_D21",0.541658126841187,-0.287381880667194,0.24661595549485,0.233807792210635
"CGGA_D24",0.329279981608347,-0.674078818824155,-0.254734105518432,-0.0638907785452436
"CGGA_D27",-0.526022355747876,-0.370458239094343,-0.362312184158538,-0.289163310107893
"CGGA_D29",-0.674880049820544,-0.384974527091963,-0.163961563408194,-0.109114302925132
"CGGA_D33",0.2782267193602,-0.542699507369183,-0.224548077439136,-0.409313114633289
"CGGA_D34",0.156288276569197,0.48039719741435,0.260254842886449,-0.128057561458584
"CGGA_D38",-0.537411664066219,-0.181928814944453,-0.31841441273122,-0.103693411991982
"CGGA_D39",-0.505671506411895,-0.150923656212459,-0.418662921486802,-0.50693119546511
"CGGA_D40",-0.614347724853905,-0.564844482944911,-0.368621071089339,-0.153817626555934
"CGGA_D45",-0.512685285482594,-0.500471040833581,-0.497907208703273,-0.358748104600754
"CGGA_D46",-0.500453137600455,-0.395426087321322,-0.473941371667617,-0.387212246996214
"CGGA_D47",-0.21658976132222,-0.0466073504928973,-0.261524042261437,-0.0626133350763829
"CGGA_D48",-0.383932818167515,-0.527825163130037,-0.392837526100983,-0.258070645568
"CGGA_D52",-0.470661376673369,-0.123766215533105,0.173969251489711,0.407303224504697
"CGGA_D56",-0.182230291364376,-0.130964919539987,-0.237785804369269,-0.393798176515942
"CGGA_D59",0.23069872374902,0.542044969798409,0.339365158594134,-0.158637356527852
"CGGA_277",-0.544547554561615,-0.560066095966185,-0.358128579440553,-0.548674456355202
"CGGA_518",-0.596031380047536,-0.351509644945778,-0.466444102356969,-0.367872945365724
"CGGA_J023",-0.153134058634281,-0.042876210791007,-0.244054353012141,-0.115480848605065
"CGGA_J024",0.5135563674926,0.552501225718536,0.571694979934445,0.584676145512976
"CGGA_J042",0.762375071482941,0.420072087532647,0.508993024052443,0.528199578056838
"CGGA_J100",0.173067446286804,0.543098761103613,0.232205408997371,0.107039714015295
"CGGA_1004",0.785172659797642,0.422630877614476,0.477201045127331,0.521195158126286
"CGGA_1008",0.541920014724765,-0.0264735281320126,-0.0763846315445548,-0.10910459524979
"CGGA_1053",0.632651075658639,-0.518011973583567,0.0929763784668551,-0.248278808346905
"CGGA_1059",0.636865490557873,-0.0777148719845388,-0.0398104007459489,0.169078615461572
"CGGA_1070",0.672486543832205,-0.424273341259794,0.312763674575814,0.217411652152735
"CGGA_1071",0.76842835969273,0.190188685232403,0.450952001516888,0.444952774409607
"CGGA_1073",0.68702268054621,-0.0620042374654031,0.381654429579824,0.0870839891184174
"CGGA_1074",0.7604784261982,-0.158997734423532,0.0825848026449638,0.414447835713484
"CGGA_1099",0.840915897912854,0.491339099686358,0.296531321352584,0.342754430416532
"CGGA_1114",0.816513761467693,0.300866263387472,0.245450364584208,0.199205783452719
"CGGA_1116",0.145036104966757,-0.0177727502199255,0.370435160609628,0.398236330451848
"CGGA_1118",0.227173618213176,-0.211471907190712,-0.105204934374023,-0.350406264046076
"CGGA_1119",0.0874179949488748,-0.332569221164912,-0.452737724440072,-0.517002902838082
"CGGA_1197",-0.107714336613268,-0.0433809831884431,-0.338631391491389,-0.175098633520162
"CGGA_1246",0.300770160242888,-0.329793205866351,-0.445057261237065,0.0751002283303715
"CGGA_1275",0.710415083649946,-0.0282791226046666,-0.0883247149271764,-0.349683397480793
"CGGA_1450",-0.630658800314781,-0.6672737270372,-0.626136886106553,-0.593063508316018
"CGGA_1460",0.209249069768954,-0.226852542680114,-0.312241395716724,-0.048502568376238
"CGGA_1475",0.423257408032264,0.157671985200516,0.345680632252789,-0.248873699780614
"CGGA_243",-0.501362849695406,-0.658086644200666,-0.484916127931844,-0.268706390980813
"CGGA_247",-0.306916843532388,-0.437256302857011,-0.457955472694732,-0.406586129882154
"CGGA_738",-0.0369857958050366,-0.365519067832544,0.170287434559545,0.326055452476929
"CGGA_759",0.355637666555523,0.283887112985234,0.324121677112367,0.639350604066675
"CGGA_D30",0.756643145138065,-0.371880671340325,0.382884348956295,0.199401744282485
"CGGA_1002",-0.212032356597994,0.42894487392399,0.295152023159009,-0.148408200271348
"CGGA_1003",-0.829372104508214,-0.542743782689823,-0.571069892126841,-0.414030693411357
"CGGA_1010",-0.709245966760908,-0.679021608642104,-0.646887028060216,-0.587878726696036
"CGGA_1012",0.252024933800032,-0.0330358538644218,0.137801688189937,-0.195474892611587
"CGGA_1014",-0.226138480005343,0.300155304962292,-0.0156444885229794,-0.0666148902532886
"CGGA_1017",-0.666037186875117,-0.140652555992395,-0.0989351234347742,0.349191987421919
"CGGA_1018",-0.696202999005163,-0.180358773054366,-0.336301139193244,-0.2098793398167
"CGGA_103",-0.648716479685042,-0.503274004965637,-0.292703510112125,0.322741830656141
"CGGA_1030",-0.728298842471809,-0.366400550856833,-0.32467146781037,-0.458927430730155
"CGGA_1032",-0.253084927166641,-0.0928053028817786,-0.187305836078124,0.0577304119578449
"CGGA_1033",-0.662662468862574,-0.465827362125032,-0.416627278848801,-0.683794070508754
"CGGA_1036",0.702369450262166,0.440302026692064,0.0552623075105009,-0.342395552396325
"CGGA_1037",-0.600351666257613,-0.611598624840034,-0.570877205282653,-0.685706570763516
"CGGA_1041",-0.610206107367331,0.12252693035841,0.270944243039549,0.46365426648118
"CGGA_1048",0.265362980788883,0.142216063056002,0.180872889069366,-0.0512979808726986
"CGGA_1051",-0.637780045516526,-0.44360362222381,-0.427303260445022,-0.426970478199609
"CGGA_1055",-0.481306544140942,0.0451042727317397,-0.00446811672979272,0.524444585858598
"CGGA_1057",0.672345724826587,0.26030317640312,0.247352681921294,0.192058173321419
"CGGA_1058",-0.0468561805151966,0.512055879189488,0.479980335605751,0.508719865293582
"CGGA_106",0.757140382078896,0.645585506227619,0.564134325305202,0.291312691920134
"CGGA_1063",-0.741327595231149,-0.47993756327687,-0.577865885372465,-0.484262299422623
"CGGA_1065",-0.689438969531513,-0.573399295660103,-0.484435654893809,-0.373300378782854
"CGGA_1066",-0.252163602477464,0.506227049372524,0.467534758655599,0.567861901503438
"CGGA_1069",0.761865873057421,0.656518014590791,0.652694830277432,0.66813516462314
"CGGA_107",0.247601688292729,0.0168425199543903,0.0401723168162326,0.37250814736756
"CGGA_1075",0.460347171025211,0.235492329157749,-0.0430739648905679,0.0789426779168717
"CGGA_108",0.61531939914959,0.300160082831374,0.492382292640467,0.546283632181466
"CGGA_1082",-0.472058395222916,-0.448583356979784,-0.385360436112674,-0.508771112090278
"CGGA_1086",-0.159182871824546,-0.277864637766716,-0.43044883077181,-0.330330184981834
"CGGA_1087",-0.864317742632808,-0.514253583992318,-0.571069298063505,-0.524341381936955
"CGGA_1097",0.210230548157183,0.259554631489587,0.133589034305739,0.136940057073015
"CGGA_1100",-0.876512699410573,-0.619903566917798,-0.710083552981223,-0.622775852490179
"CGGA_1101",-0.769922184772459,-0.571886743326593,-0.713817370840084,-0.661159835511755
"CGGA_1103",-0.56933138306054,0.0347362360509653,0.125264268867978,0.460369998119755
"CGGA_1106",0.457046176039538,0.561695646305772,0.28513402249356,0.478097100997493
"CGGA_1108",0.622907414072678,0.647435976580991,0.535231913000579,0.626547446788813
"CGGA_1111",0.514408456257778,0.19873633188267,0.212974145345427,-0.134575447593144
"CGGA_112",-0.55828197514487,-0.0105211333247051,-0.108873069248558,0.256937523836597
"CGGA_1120",-0.745129530443219,-0.663321578630112,-0.64029695879546,-0.643590599572022
"CGGA_1121",-0.579031372837677,0.00115857043337475,0.251330634126952,-0.290662256538412
"CGGA_1126",-0.338427336134534,-0.278624809062178,-0.307369821938853,-0.372772641490847
"CGGA_1127",-0.314797985657922,-0.442853820529086,-0.436445457827618,-0.355475709732545
"CGGA_1130",0.330000821733477,-0.1035320038502,0.08606561274115,-0.324462660271534
"CGGA_1131",-0.703873451680823,0.129407348205166,-0.431397516345604,-0.294442387783081
"CGGA_1132",-0.572256855585268,0.166670379515332,-0.152578094337396,-0.460736051519498
"CGGA_1134",0.41338564364497,0.156729430590373,-0.0500062362876247,-0.402724938102891
"CGGA_1135",0.644810287619094,0.0591176720749359,0.128323586867757,-0.259975824411209
"CGGA_1137",-0.390699942979161,-0.590566944520911,-0.58134027952391,-0.49353761748821
"CGGA_1138",-0.618716610310211,-0.320489025964819,-0.52812576769118,-0.540999055111899
"CGGA_1141",-0.119438367086579,0.354353362547139,0.365633639689809,-0.14592533857304
"CGGA_1142",0.249036910739987,0.0327498315649704,-0.423465146383817,-0.356992997487585
"CGGA_1144",-0.627353855952453,-0.161606623127804,-0.22876307687886,-0.260807749494228
"CGGA_1147",-0.776906840343187,-0.254107893157185,-0.383317463207434,-0.074391187267302
"CGGA_1148",0.51920421527433,0.165738890128169,0.345235870814241,0.260896606711733
"CGGA_1152",0.596553073225813,0.184000307938785,0.134376241327297,-0.0368239858724933
"CGGA_1154",0.0772126374079607,0.400827254439729,0.363346947489909,0.581251422166508
"CGGA_1155",-0.40635186474383,-0.210433066295462,-0.404712151897768,-0.483000106082467
"CGGA_1156",0.152068230754272,0.596555269537666,0.413778672288215,0.3389696480002
"CGGA_1157",0.0403174174013132,-0.205352462522059,-0.368462346017269,-0.482230123761385
"CGGA_1158",-0.699203310120663,0.217425217078149,-0.308062843916903,-0.0175745182700778
"CGGA_1159",-0.379322110417519,0.142031540259992,0.108078104829966,-0.514719228858132
"CGGA_1161",-0.621669386047259,-0.310935999854593,-0.200249667022879,-0.55176569898826
"CGGA_1162",-0.447066590782797,-0.576221557901527,-0.477627252711653,-0.607583143886899
"CGGA_1164",-0.694536015625546,-0.146312081230818,-0.396866395267692,-0.360801407382209
"CGGA_1169",-0.569099369365908,0.138007108528437,0.187859419876487,0.553911035783132
"CGGA_1172",0.417555090866928,0.658815674990604,0.430990184488579,0.420982344980509
"CGGA_1178",-0.695788937056865,0.102354876999506,-0.100572561875637,-0.0293607480896313
"CGGA_1181",0.176951396703721,0.287812006779387,0.0965528279034513,0.0859805619281799
"CGGA_1183",0.0254242588426936,-0.255253971215885,-0.231596188482588,0.0823349421604592
"CGGA_1184",-0.227571820917479,0.515135901672105,0.301818442029555,-0.279858064469964
"CGGA_1185",0.137716195852829,-0.197277047566148,-0.298685563897477,0.0686035016844611
"CGGA_1191",-0.755337136847117,-0.468807721748492,-0.584100943398977,-0.530934277466447
"CGGA_1192",-0.33324933764857,0.381211948850723,0.372515940407015,0.341193626793686
"CGGA_1195",-0.249534504228982,-0.455651042189999,-0.472214476664314,-0.375604087625328
"CGGA_1198",-0.590724662724244,-0.699898709482348,-0.64494907723604,-0.608023174370938
"CGGA_120",0.489991110339076,-0.308035533201931,0.00909460563325801,-0.0496488851952388
"CGGA_1204",-0.828393164376981,-0.104498558524347,-0.403842072913402,-0.100809395831744
"CGGA_1205",-0.507653243601135,-0.518442494725503,-0.57748402153631,-0.4725253511519
"CGGA_1207",-0.522690345030154,-0.438634579937568,-0.386261565612879,-0.475896954336508
"CGGA_1208",0.508929940261714,0.405964844363655,0.431560373178257,0.513628002150469
"CGGA_1211",-0.488388677848594,0.4370029874835,0.214733476248489,0.29746298253308
"CGGA_1212",-0.578183334879598,0.422932494127851,0.163193384757349,0.417092215396349
"CGGA_1223",-0.332556751657009,-0.286095536418899,-0.466835112914903,-0.407087156769223
"CGGA_1226",-0.169681953164586,-0.272050581764815,-0.0134333553099138,0.345572427525612
"CGGA_1228",-0.130522879495818,-0.420990204336695,-0.366043834222268,-0.0463692135959546
"CGGA_1232",-0.732057213921051,0.281884127002359,0.24842263476735,-0.0420833527837992
"CGGA_1235",-0.378390203885654,0.191836028133202,0.216359399410484,0.272768059852849
"CGGA_1236",-0.613789202603858,-0.114846432350014,-0.144396582903936,0.11923073983326
"CGGA_1238",0.365109907772878,0.147202402314628,0.198346201628723,0.463287323122562
"CGGA_1239",-0.805292537982872,-0.00909614775291293,-0.296078356652506,0.0111690577763402
"CGGA_1248",0.325107521071443,-0.429890377470121,-0.168612459960991,0.0970143558939726
"CGGA_1255",0.485371627828142,0.190494716471913,-0.0793036798857968,0.0887394560063996
"CGGA_1256",-0.0677641391656054,-0.580443531885336,-0.45209990718216,-0.507511762641864
"CGGA_1257",0.0203526213918016,0.112093880560247,0.259789098858898,0.283680143878804
"CGGA_1260",0.262074941471851,-0.154078920724938,-0.0786916706675644,-0.252218822678563
"CGGA_1262",0.185735000729067,-0.412989700061014,-0.357712108448753,-0.234768088760668
"CGGA_1264",-0.647690931920734,0.110804213007031,0.105580948670472,0.257184725146093
"CGGA_1269",-0.623439156384551,-0.369621441338055,-0.423880352856978,-0.231087566679143
"CGGA_1273",-0.751415500636079,-0.0729655445636596,-0.453587058383617,-0.381687452726597
"CGGA_1282",-0.187918377688747,0.293964915722156,-0.288153106546149,-0.122099999427226
"CGGA_1286",-0.455703552810551,0.0843786567860371,-0.160742328040832,-0.366616965452694
"CGGA_1291",-0.609045480319788,-0.625560622811436,-0.635155561433925,-0.617546902038447
"CGGA_1295",0.436823750718391,0.588458550012224,0.427595868228926,0.552165355543995
"CGGA_1300",-0.40541789944635,0.457624839295625,0.381814607721775,0.43376781585087
"CGGA_1303",-0.734755638149066,-0.59227367228822,-0.591884234490101,-0.465681674263611
"CGGA_1305",-0.335737902195279,-0.0973240706165815,0.113260866891549,0.0621995342928831
"CGGA_1309",-0.457149358658831,-0.650716315374126,-0.69182101354641,-0.696261092256943
"CGGA_1311",-0.703233421334642,-0.505259938925545,-0.52171349725205,-0.274945400837135
"CGGA_1317",-0.80612809815939,-0.603453918141626,-0.664982677082069,-0.553342057842064
"CGGA_1318",0.43396347383826,0.565468167355474,0.314317042554588,0.202897870428054
"CGGA_1319",-0.710480591585336,-0.506539215216911,-0.541430619811929,-0.38469478654693
"CGGA_1321",-0.643428587686514,0.084223275939881,-0.508829635150991,-0.400670958419335
"CGGA_1325",-0.450289915424958,-0.395913711358467,-0.45951102533105,-0.389035438389123
"CGGA_1326",0.5236983945363,0.0133022693827294,0.205927318145107,-0.0295539106119771
"CGGA_1334",0.146378039581337,0.472816395419883,0.353481884860558,0.18942267310229
"CGGA_1335",-0.630564261345118,-0.10066369768258,-0.00194997642013614,-0.361568457096424
"CGGA_1337",0.335090029834111,-0.521353043148578,-0.341634905999716,-0.232097822716569
"CGGA_1339",-0.634020397932449,-0.393439718663918,-0.379004639304842,0.0234941196918015
"CGGA_1345",0.696416116770067,-0.0986541501811238,0.159267085603048,0.261280223791184
"CGGA_135",0.597808245831077,0.668199367365947,0.566190184795668,0.624199848396566
"CGGA_1350",-0.742038954430712,-0.678013286449543,-0.655644764909354,-0.495638357314033
"CGGA_1353",0.619398244110686,0.35264567297332,0.333477471769972,0.586017307329867
"CGGA_1354",0.16628772619264,0.133816692324953,0.121599630678727,-0.175773278718751
"CGGA_1356",-0.710648057074063,0.357320544876489,0.12185108071793,-0.144919898556813
"CGGA_1359",0.543159029091495,0.274869294752495,0.171955069406875,0.153353910071238
"CGGA_1361",-0.182443796052696,0.286617047064545,-0.134554481235921,0.370190978730641
"CGGA_1362",-0.390903826754403,0.19145902601327,0.13975016393263,0.576996693060894
"CGGA_1365",-0.0674141526350687,-0.461008297388889,-0.443498211119508,-0.48498818848191
"CGGA_1368",-0.826194500474997,-0.707644749236652,-0.684166637474416,-0.536822085846595
"CGGA_1369",-0.584339275863036,-0.410183424037105,-0.285377491298841,-0.388350102139012
"CGGA_1371",0.567866395564437,-0.228716584908753,-0.172490183719941,-0.469292477958784
"CGGA_1377",-0.499767557664342,0.342527384633952,0.316913470209834,0.553888343582268
"CGGA_1378",-0.514840650314879,-0.537939330939137,-0.509724981822455,-0.589292123021796
"CGGA_1380",0.0268252082567122,-0.0410618782406938,0.131912442515088,0.353086686589457
"CGGA_1382",0.389114113344788,-0.0898490653273486,-0.14971305448983,0.554796266466595
"CGGA_1383",-0.602173240828112,-0.482435035924716,-0.506923820338795,-0.706271869765667
"CGGA_1386",-0.000573151476528949,-0.496038038822208,-0.443975962797608,-0.444540994234085
"CGGA_1387",0.0727215745046162,0.324571580307151,0.201598594173788,0.557417706409792
"CGGA_1389",-0.653929236730764,-0.583165717311424,-0.565004243201904,-0.654443603299099
"CGGA_139",-0.649647930992455,0.595962401109362,0.109103817571687,-0.055981640439023
"CGGA_1390",0.0450043433619676,-0.198755772397336,-0.122423385682022,-0.400881734756601
"CGGA_1391",-0.0227239935664295,0.0408298622028322,-0.210615710872022,-0.423889259962812
"CGGA_1392",0.721766801923953,-0.322739343447766,-0.387329856979678,-0.502361418526319
"CGGA_1398",-0.675962165857822,0.0761570928112685,-0.121572116219337,0.154152663181161
"CGGA_1400",-0.59347236468014,-0.595807372357834,-0.651277121927204,-0.622898262730837
"CGGA_1401",-0.721156813155885,0.165391303422538,0.405060432453406,0.550004496030119
"CGGA_1402",0.835507477150729,0.396891004382556,0.392071537871803,0.35764021115498
"CGGA_1403",-0.130379228865451,0.427955573860626,0.330662993310338,0.467887590569185
"CGGA_1404",-0.440462534168698,-0.463349884442359,-0.366254336603646,-0.326057573149269
"CGGA_1407",-0.461080618407279,-0.723294349193281,-0.643097031435709,-0.614102113678924
"CGGA_1410",0.279265650395125,0.341001118930615,0.285079926428599,0.6097885886451
"CGGA_1413",-0.615372694989146,0.206000111763614,0.342395982834392,0.414846716065355
"CGGA_1415",0.676232121482949,0.754485228666648,0.65757106655728,0.741889864935188
"CGGA_1416",-0.512869812027008,-0.604279890715035,-0.462248332471439,-0.577190096482333
"CGGA_1417",-0.438404811283605,0.162227824123006,-0.254375901806739,0.469440704538339
"CGGA_1418",-0.439713429191655,-0.596104139515058,-0.653806407990565,-0.598453674678051
"CGGA_1419",-0.210119238836676,-0.309806644210997,-0.264511234377705,0.0289786711808563
"CGGA_1420",-0.758193193504708,-0.503644395481058,-0.517565341890029,-0.702756992471983
"CGGA_1421",-0.596036030948899,-0.517914887248479,-0.413139953386179,-0.618256353702748
"CGGA_1422",-0.493681977451107,-0.564925331237503,-0.565063277417069,-0.532175295624284
"CGGA_1424",-0.763423211760655,-0.747899159662365,-0.687807765034814,-0.63997563128498
"CGGA_1425",-0.437950173482241,-0.0815197670636897,-0.383594885670981,-0.424066898854502
"CGGA_1426",0.444908754040536,0.58370900910577,0.413419079487977,0.205008056571178
"CGGA_1427",-0.284832414506813,-0.00561557158216555,-0.0182381133792733,0.0579965609957894
"CGGA_1429",0.00402684267867581,0.11992842023108,-0.136082593616841,0.260662797936105
"CGGA_1430",-0.611571025825944,-0.123667459288099,-0.421478582333289,-0.545174232129631
"CGGA_1431",-0.0896567430461337,-0.193390611882019,-0.0083625117162317,0.0605607568766065
"CGGA_1433",0.670486011991674,0.421326738896836,0.52274116203963,0.16661575953286
"CGGA_1434",0.446476201641143,0.465909363217766,0.454446814755713,0.408840089575006
"CGGA_1435",0.0207695549639762,0.563940944094648,0.422158571248601,0.309836646037513
"CGGA_1437",-0.348861339828735,0.168019715018565,0.0454866828043165,-0.491950048464445
"CGGA_1440",-0.592274122828411,0.0516973588458214,-0.00212500202351151,0.276789571314125
"CGGA_1441",0.691015335525754,0.286342171174485,0.451355114516676,0.228303372255743
"CGGA_1443",0.778215213143178,0.553322428318607,0.330116798216571,0.13858726888529
"CGGA_1444",0.429371767561585,-0.0876178118430227,-0.152442817393356,-0.343974925978966
"CGGA_1445",-0.677266843024182,-0.440036725576435,-0.644277601333387,-0.544572934079106
"CGGA_1446",-0.734536096456375,-0.645483193275972,-0.625762062291759,-0.527569100716868
"CGGA_1447",-0.684199472571568,-0.607935580718189,-0.526435677565261,-0.492634177040336
"CGGA_1451",0.652362054759432,-0.167256745276824,0.163569491035371,-0.14152845373988
"CGGA_1452",0.696029633129671,0.198581586145428,0.189092890646148,-0.2528332172969
"CGGA_1454",-0.703080363428654,-0.459014399884759,-0.331164824645845,-0.627375644718222
"CGGA_1455",-0.758574387768314,-0.630381429186147,-0.656872493988611,-0.469080545499919
"CGGA_1457",0.696927249719013,0.497533260691445,0.253646260926401,0.308706744421096
"CGGA_1458",-0.869464371081215,-0.227442690445364,-0.487512444451923,-0.482849058417358
"CGGA_1459",0.100550117470871,-0.158156161755897,-0.151789535200692,0.279051010402164
"CGGA_1461",0.398260679033123,0.233629929610393,0.132472547385011,0.287326388799608
"CGGA_1462",0.605813137364308,0.533340125272234,0.396822955525624,0.413991155884342
"CGGA_1463",-0.558588004741635,0.257283258270362,-0.00769454081072601,0.272413936512602
"CGGA_1467",-0.578358057409399,-0.596962960007813,-0.59525544091069,-0.447258622641287
"CGGA_1469",-0.711441745023509,-0.720270080191983,-0.621762622283648,-0.543914438695305
"CGGA_1471",0.323315711614543,0.546740641763519,0.451221385320802,0.518922848718029
"CGGA_1472",-0.691051839547974,-0.70789767942052,-0.681489765175324,-0.70380523041363
"CGGA_1473",-0.718316226464866,-0.696241052478077,-0.687687081257948,-0.691119593909747
"CGGA_1474",-0.467931366470934,-0.56763011694654,-0.500640898780067,-0.351188236248865
"CGGA_1476",0.063913286674591,-0.0730566035194926,-0.154156051393766,-0.172226554721535
"CGGA_1477",-0.154381358305869,-0.190765263526867,-0.0903047084555241,-0.0652494622112964
"CGGA_1478",0.137559779753361,0.111276802539222,-0.254773845632891,-0.173761304637228
"CGGA_1480",0.495669283018115,0.35634227859186,0.37611679397242,0.00761141453175002
"CGGA_1481",-0.322931056379415,-0.709456699356899,-0.551602531984922,-0.600184492144557
"CGGA_1482",-0.329722744087674,-0.716445943904504,-0.567849359500732,-0.554851107083752
"CGGA_1486",-0.253894592688692,-0.49154545772129,-0.482049407096709,-0.581518954107901
"CGGA_1487",-0.375352929128817,0.218738313989339,-0.334265038205797,-0.423247714388569
"CGGA_1488",-0.616945385651614,0.290308337806938,0.29857417618666,0.667212651735689
"CGGA_1491",-0.141600292070841,0.258243126804949,-0.082890073744406,-0.129012444440304
"CGGA_1492",0.451540855008348,0.527419491997988,0.567866961645544,0.592337747342229
"CGGA_1494",-0.568174093989761,-0.750253159295528,-0.645972153052402,-0.563993788286742
"CGGA_1496",-0.290356493728334,-0.149358457840909,-0.178001763657295,0.423425333884576
"CGGA_1497",-0.769170691770973,0.259397723275957,-0.415098284516141,-0.150216778223973
"CGGA_1498",-0.345177060518044,-0.591001641799206,-0.549527143656374,-0.495235597500451
"CGGA_1500",0.103165388018702,0.280018083932806,0.446136392338163,0.0434454650206146
"CGGA_1501",0.0373570642713718,-0.607811243318461,-0.517664204650858,-0.609234782476864
"CGGA_1502",0.357589511448108,-0.139437815944633,-0.104307298229794,-0.454083721737823
"CGGA_1503",-0.158555811038523,-0.48631186490963,-0.447521237627591,-0.400505152954387
"CGGA_1504",0.111299976595223,-0.118895456017139,-0.21801921101277,-0.177681881665866
"CGGA_1505",0.483964846389148,0.44949188018814,0.502988676077582,0.565950757829139
"CGGA_1507",0.679988915822872,0.44502516385016,0.473883978950947,0.212861383660118
"CGGA_1508",0.257932788748436,0.297043542052195,0.279954193067994,-0.184479012601717
"CGGA_1510",-0.707237945344221,-0.295708867728967,-0.499178582058672,-0.508733395960395
"CGGA_1513",-0.788307863834074,-0.473504200797326,-0.447366440314996,-0.584437992815338
"CGGA_1514",-0.574146627944698,-0.59877582602345,-0.451195247348265,-0.520997493348184
"CGGA_1516",-0.704514822784036,0.0619855356037256,-0.0791247341964535,-0.301660881089036
"CGGA_1517",-0.720642391528855,-0.365291949576292,-0.413420955664492,-0.424098714876174
"CGGA_1518",-0.622042377384356,-0.335541865544328,-0.483767708513989,-0.419684947920865
"CGGA_1520",0.130123436546242,-0.115566964880589,0.0981337152077651,-0.010581383748186
"CGGA_1521",0.303244072234993,0.349335998830816,0.313815889094886,0.644820199463056
"CGGA_1523",0.293428870698725,0.466528817577597,0.270181253043658,0.561832760963174
"CGGA_1524",-0.61728924487114,-0.0635561502872067,-0.0870434606913651,-0.28934816794781
"CGGA_1525",-0.510477093847064,-0.59726112235269,-0.600139513513612,-0.627493377204998
"CGGA_1526",-0.347991686411803,0.297871461206716,0.387817761077911,0.659767800893699
"CGGA_1527",-0.614977468438008,0.527508038792057,0.446019999863985,0.378204768259987
"CGGA_1528",-0.512022896283946,-0.559806106243179,-0.522625252452341,-0.479425869361431
"CGGA_1529",-0.432893469242342,-0.119559490374216,-0.398570773683856,-0.437607364465189
"CGGA_1530",-0.693649475247014,-0.682811630956644,-0.649515614210157,-0.655198383496403
"CGGA_1531",0.0994929639917096,0.682942477609194,0.527439181895628,0.67445976515795
"CGGA_1533",0.488569801958498,0.123466881662068,-0.261996803099322,-0.563456942543664
"CGGA_1534",-0.202262223616594,-0.29858924439809,-0.221377258724385,-0.542778177187215
"CGGA_1535",0.717121356164897,0.581752672682776,0.545558148716615,0.424416883029526
"CGGA_1536",-0.111605164841746,0.632085746774369,0.570188073461594,0.714259498895254
"CGGA_1537",0.693497537961016,0.155796257030227,0.190398477931556,0.206928468950851
"CGGA_1538",0.0967393837451339,0.0704076787783579,-0.151088549460725,-0.354404107606187
"CGGA_1539",-0.542223497467277,0.119932242561218,0.110503874774964,0.494825183074712
"CGGA_1541",-0.0224529651529916,0.47330130351552,0.276074060892245,0.135997016091224
"CGGA_1542",-0.262924583620062,-0.622467737093656,-0.580715993023691,-0.464381592143348
"CGGA_1543",0.597977676682457,0.106838663464412,0.304987122007344,-0.0345640654338715
"CGGA_1544",-0.818080689373019,0.143858291246249,-0.291943202143417,-0.439707852476369
"CGGA_1546",0.730342428868139,-0.149489280691724,0.053268015656606,-0.340563020486871
"CGGA_1548",0.566726694130485,-0.0724694514540236,0.0850667557372764,-0.283087775414118
"CGGA_1551",0.557355739129252,-0.120244195676252,-0.0592456821692832,-0.316713834073189
"CGGA_1552",-0.607075575482769,-0.157158585246005,-0.217808200033446,-0.375901504554457
"CGGA_1553",-0.611610322596069,0.286292905272685,0.328462113060171,0.0484791140485392
"CGGA_1554",-0.590140716041885,0.0613435905004582,-0.22555707378642,-0.331225743013829
"CGGA_1557",-0.553478501795147,-0.189909792970068,-0.378748199769341,-0.634566190692387
"CGGA_1558",0.619103803616288,0.152076669368243,-0.0627013915932773,0.0755857521339015
"CGGA_1559",-0.0160206162199787,-0.385050260110469,-0.332936718357615,-0.629011297630321
"CGGA_1560",-0.357264518701386,0.319360569558092,-0.21174190207346,-0.29614879999003
"CGGA_1562",-0.652809168291977,-0.248435107191874,-0.291099770520639,-0.449931534655971
"CGGA_1563",0.513529955148906,0.506218329084428,0.297670026987818,0.12089279421813
"CGGA_1564",-0.00209197117575163,0.468908297433656,-0.183324593780893,-0.17770558940058
"CGGA_1565",0.40840339989385,0.16202114339118,0.246853464305703,0.118864419692981
"CGGA_1566",-0.705932490559259,-0.567327874496212,-0.550814391256852,-0.697203851452883
"CGGA_1567",0.0787558829120203,0.00600902208617168,-0.0826504100566521,-0.282758459675819
"CGGA_1568",-0.45249729480226,-0.329533974463764,-0.310420711302458,-0.276776021934739
"CGGA_1569",-0.424543598883862,-0.377887131597202,-0.289186272008676,-0.16049972108781
"CGGA_157",-0.53266186916768,-0.386742649834907,-0.243364151202631,-0.426660386108355
"CGGA_1571",0.0426451943440091,-0.473491595543011,-0.395954249953777,-0.505193054072882
"CGGA_1572",0.522793811131269,-0.198661264628036,-0.00645005130930296,-0.279151604620246
"CGGA_1575",0.643908800846831,0.615302456752241,0.434453343613597,0.328202164701337
"CGGA_1579",-0.611130046305375,-0.559300031861473,-0.477874293067823,-0.713745790415156
"CGGA_1580",0.0814744963792057,0.423116138525975,0.460376702297029,0.601516010404195
"CGGA_1583",-0.26621877805342,0.0477451047362406,-0.191756768166758,-0.448035733473593
"CGGA_1586",0.55922237168123,0.398568246984652,0.454776548068635,0.283456886695734
"CGGA_1587",0.192692850326576,0.733966095848381,0.509767111001929,0.555998075467566
"CGGA_1588",0.194003784005867,-0.285397384699576,-0.250854418794436,-0.168416513341333
"CGGA_1589",-0.472239108374129,-0.304157521312533,-0.255711775006451,0.0590660467559383
"CGGA_1591",-0.476601997372657,0.419213491029111,0.211920701049898,0.431607320999299
"CGGA_1592",-0.577320624471457,-0.31940034544076,-0.418088343419221,-0.145638773044674
"CGGA_1594",-0.690541890030713,-0.732749097050097,-0.626832671817874,-0.737295314252388
"CGGA_1595",-0.528632362003942,-0.453356983476402,-0.572238324736672,-0.602326107038145
"CGGA_1596",0.216878862763714,0.391613117310081,-0.0145280260020227,0.0156127343780335
"CGGA_1597",0.655107553695363,0.365983471991723,0.42071717701299,0.281015878508803
"CGGA_1598",0.249271416372302,0.549187862271425,0.227073508672161,-0.208714757531048
"CGGA_1601",0.697911312240078,0.381347677546454,0.292005291951597,0.386064592545754
"CGGA_1603",0.405515202970725,-0.282579120788185,-0.448972220656497,-0.590159836026127
"CGGA_1604",0.416948511576033,0.26773510884579,-0.102179574808244,-0.597060743190852
"CGGA_1605",-0.488838042244515,0.367006359426394,0.249553236012904,-0.436405221849846
"CGGA_1606",0.398682185164918,0.557746597331959,0.0586727830049238,0.316951508237946
"CGGA_1607",0.311144805579799,0.542598289316176,0.460194484157356,0.430946003432597
"CGGA_1608",0.614421072211597,0.509910648932395,0.405318988808846,0.235793090898532
"CGGA_1610",0.201575828673934,-0.56913674272701,-0.525631352506454,-0.553171507020227
"CGGA_1611",-0.606890195381821,-0.624114519512058,-0.557116178245405,-0.418771917752142
"CGGA_1612",0.550214170841335,0.548775617811017,0.364630572555237,0.227710611169067
"CGGA_1613",0.429733141519637,0.595698372879628,0.465406819824139,0.234614311786224
"CGGA_1614",0.353139074312481,0.000634581108191423,0.129209107043393,-0.102398023795176
"CGGA_1615",-0.110497252858053,-0.640212667357271,-0.565242968012344,-0.630443970819876
"CGGA_1617",-0.703259401287799,-0.522946863943625,-0.514772633355289,-0.672563981816489
"CGGA_1618",-0.519940495282125,-0.196794172860792,-0.407649336766258,-0.458602468979497
"CGGA_1619",-0.247458218550991,-0.0252333315877776,-0.366865468113068,-0.564011883121272
"CGGA_1620",-0.59519426033454,-0.3965493425396,-0.35580661488885,-0.555424948530479
"CGGA_1621",-0.53223237411869,-0.0140345531288545,-0.0499506730955831,0.240312802427992
"CGGA_1623",-0.03247165668001,0.364471560589896,0.255540113650261,-0.133800732481693
"CGGA_1624",0.430565376962376,0.391634453418702,0.0520210966011944,0.0903194766899804
"CGGA_1626",0.661435053517062,0.453955677026954,0.460201966408515,0.332811435866936
"CGGA_1627",-0.00889261051037499,-0.270692511238492,0.00765614354843941,0.223228104675761
"CGGA_1630",-0.288111134142807,-0.300137544541735,-0.367435627343143,-0.511619402949576
"CGGA_1631",0.637533509732259,-0.175421906567482,-0.0223521501876712,0.110056209931731
"CGGA_1634",0.467374135657014,0.285938777512194,0.202894925240294,-0.527334229520937
"CGGA_1635",-0.75506086312131,-0.656365924621755,-0.612626333036055,-0.514119519381217
"CGGA_1640",-0.492832854113111,-0.653199492898654,-0.539364675244921,-0.76099474943099
"CGGA_1641",-0.405873499534943,-0.0186846916767049,-0.137249892010685,-0.627208815006365
"CGGA_1642",-0.572688594274205,-0.309109975765536,-0.407226769432765,-0.532246134849828
"CGGA_1643",-0.204119805194134,-0.20990731883804,-0.290302650568077,-0.545472629832807
"CGGA_1644",0.351490018363862,0.208514415482089,0.0580925706165829,-0.296302042083081
"CGGA_1645",-0.683594311887599,0.335046342438866,-0.0749038887745934,0.439971208525269
"CGGA_1647",-0.37510518247129,-0.635705280985057,-0.556177681844048,-0.568756881993031
"CGGA_1648",-0.229393254228712,-0.616574186173883,-0.521230371397035,-0.532363008581827
"CGGA_1649",-0.232641137398479,-0.670643182035573,-0.631328375797903,-0.700264499375534
"CGGA_165",-0.349642377841008,-0.571276882063567,-0.479832470972752,-0.653798463427674
"CGGA_1650",-0.13159207080244,0.503882999392991,0.487731081419958,0.68451829495827
"CGGA_1651",-0.630559107975171,-0.3219085081743,-0.341748302043261,-0.471570769654258
"CGGA_1653",-0.502211210315481,-0.446736787309256,-0.490974185133409,-0.61743824002524
"CGGA_1654",0.290023730944599,-0.363376281703288,-0.507802501305367,-0.592966909232824
"CGGA_1655",0.239876741055108,0.124898045604675,-0.107929087518263,-0.364625230416166
"CGGA_1656",-0.164434075643788,0.0611628274226614,-0.456176412666953,-0.246926597784557
"CGGA_1657",-0.473824315148089,-0.222940762877442,-0.222963766465827,-0.610425732698145
"CGGA_1658",0.819947092924832,0.690632503001571,0.553924421043376,0.500018426042477
"CGGA_1659",0.661698487587574,0.597650916195039,0.634568546684161,0.629353443221007
"CGGA_1660",-0.580992186431408,-0.776294695806315,-0.672532497701955,-0.686507218484542
"CGGA_1661",-0.393918203660332,-0.498920479691715,-0.477384677871868,-0.52628744401898
"CGGA_1662",-0.589787820370883,-0.355757878329034,-0.453502325886202,-0.48730091061788
"CGGA_1663",0.82889767962869,0.378477102987856,0.466380720676359,0.186702468849095
"CGGA_1664",-0.533652817221685,-0.0560942098814639,-0.0475083544681702,-0.465575727169306
"CGGA_1666",-0.264339352698847,-0.607631274137966,-0.511387725536232,-0.48868697706529
"CGGA_1667",-0.657238778861915,0.615958599565599,0.471947971581454,0.605887866362144
"CGGA_1669",-0.51271567526972,0.195442055221954,-0.312486771352624,-0.173118214247652
"CGGA_1670",0.217403952392926,0.398989615305011,-0.018391945052958,-0.325240671548868
"CGGA_1671",-0.540396163480924,0.430213547774487,0.0858963785019278,-0.192357758117427
"CGGA_1672",-0.385924032954876,-0.597022148430301,-0.502840607159205,-0.684616608143739
"CGGA_1673",-0.844262421390178,-0.0402503519923039,-0.400357995603108,-0.396954299701872
"CGGA_1675",0.44203373263209,0.642996672436639,0.356039540613751,0.404219306053512
"CGGA_1677",-0.560018491103416,-0.694712990901043,-0.636673920957412,-0.712055216822714
"CGGA_1678",-0.220733769712073,-0.624924711807218,-0.476840239985158,-0.446805750742003
"CGGA_1679",-0.64360385272327,-0.734397623452257,-0.619615084787742,-0.702797315828536
"CGGA_1680",0.471397328653904,0.589762466994037,0.286265963281354,0.358505441166685
"CGGA_1681",0.243205917268886,0.430182480779118,-0.00547959047807964,-0.150454510776717
"CGGA_1682",0.66795100801474,0.649395636662698,0.601059657511533,0.751469476509114
"CGGA_1684",0.758934820078289,0.614055370932657,0.537687462950938,0.319099224426849
"CGGA_1685",-0.435901208620133,-0.0101892294289038,-0.0566086265493953,0.534280041991303
"CGGA_1686",-0.44833839685472,0.0751361994677334,-0.339647636128572,-0.473230308343085
"CGGA_1687",0.648365751079474,-0.0248069371453909,0.159052082073828,-0.0976147874350242
"CGGA_1688",-0.385320033613207,-0.444722334224644,-0.443588387806834,-0.426633188516401
"CGGA_1689",-0.43417587485622,0.503658571475334,0.228327511970472,0.422350569658711
"CGGA_1690",0.463775874976121,0.591206312200159,0.518089523741383,0.0885885521910451
"CGGA_1693",-0.538422920415719,-0.194721071451563,-0.356552737227442,-0.582892099445737
"CGGA_1694",0.102452877287465,-0.137718392112105,-0.312883452387189,-0.426995972461779
"CGGA_1695",-0.748881584934608,0.429712058924149,-0.198691728092979,-0.499058216135999
"CGGA_1696",-0.301404572914228,-0.67444991914283,-0.491748650628596,-0.475858140335746
"CGGA_1697",0.10219225515548,0.0786455168584222,0.129797806594699,-0.388711119670131
"CGGA_1698",0.214298972843026,0.56603946970432,0.404365684627805,-0.0735931791876646
"CGGA_1699",-0.591254288711258,-0.735387905160698,-0.658017405308107,-0.557766275297073
"CGGA_1700",0.128585208863642,0.0462946019716781,0.092913675486416,-0.135828166680577
"CGGA_1701",-0.71861420976035,-0.246554372672607,-0.458398163012838,-0.416892989164084
"CGGA_1702",0.233165348478911,0.162578975434496,0.0336094488828634,0.455436568150336
"CGGA_1703",-0.112915760677186,-0.182156702144323,-0.0793416055277995,-0.200275299893431
"CGGA_1704",0.00109869657413278,-0.385021274123982,-0.371232576118612,-0.341921722959255
"CGGA_1706",0.770743232667109,0.420461145053834,0.415878376063887,0.039006858859793
"CGGA_1708",0.570802041577686,0.47095621520271,-0.27454164317991,-0.239173962842227
"CGGA_1709",0.131361125399407,0.256463091760156,-0.0172251191956244,0.0422653141315895
"CGGA_1713",-0.469897990402155,-0.0610610735320457,-0.23737492428304,-0.468850956094081
"CGGA_1714",0.311774197050526,0.169141239189381,0.179976555046826,-0.228707109541045
"CGGA_1715",0.000450986121150326,0.5648242510108,0.38214245600263,0.489914838427036
"CGGA_1716",0.261760517337721,0.295342769404993,0.109729810190355,0.54778231740529
"CGGA_1718",-0.601489576064951,0.223606093813732,-0.0216452836435545,0.0428778383504455
"CGGA_1720",-0.754466592353278,0.400832171750246,0.0698561142842913,0.352691273790821
"CGGA_1721",-0.524750932176014,-0.587557873679749,-0.590622951209704,-0.612160814490662
"CGGA_1722",-0.0414452646776067,-0.665527862987992,-0.517081640472748,-0.416509121223528
"CGGA_1723",-0.43235288521293,-0.323401680384654,-0.476344141263129,-0.489126929323738
"CGGA_1725",-0.477822677407922,-0.0163242465199156,-0.261298437828003,-0.193273679282914
"CGGA_1727",-0.325853792082859,-0.126327735545852,-0.236371903807751,-0.277729555004543
"CGGA_1728",-0.286038970420518,0.67518350108865,0.475516826298748,0.433945749805911
"CGGA_1729",0.198346418950099,-0.412352847994584,-0.235444095622218,-0.423178931996014
"CGGA_1731",-0.362723425859454,0.561149777393834,0.372298808416584,-0.13009964702023
"CGGA_1735",-0.759160116925815,-0.296498147511758,-0.34315504490152,0.259629876791686
"CGGA_1736",0.686416624808731,0.308041592882186,0.383185389014942,0.319690347400732
"CGGA_1737",-0.51018455062782,-0.272046134717304,-0.381832278105486,-0.475163621560837
"CGGA_1738",0.0165464200699587,0.0823326723827197,-0.0910029452748245,-0.170385601380439
"CGGA_1739",0.42955373538255,0.294913179472776,0.20340453801226,-0.310219551200838
"CGGA_1740",-0.596221950618621,-0.166706256039175,-0.425684770533864,-0.627783927135524
"CGGA_1743",-0.662159360262225,-0.0101853241296069,-0.144614898047409,-0.514103932098226
"CGGA_1744",0.196826968733086,-0.457738976378068,-0.45672599137346,-0.568935686948985
"CGGA_1745",-0.689390247953457,-0.716694402052171,-0.639428341909048,-0.445949788689843
"CGGA_1747",0.429014968015835,0.323645703356358,0.168163026237796,0.202062175329403
"CGGA_1749",-0.515317077980377,-0.0167985684811301,-0.108843592779841,0.215647132405233
"CGGA_1750",-0.472968136240417,0.205132076825269,0.295794578592883,-0.359660710096754
"CGGA_1758",-0.643156505112733,-0.490642751141146,-0.487259791080628,-0.399715607225528
"CGGA_1760",0.542459674363532,-0.12527441196681,0.273951136554313,0.0347214066924681
"CGGA_1764",0.498726565826752,0.424511244216685,-0.0563523675551882,-0.169595652266987
"CGGA_1767",0.0540626169811416,-0.661786097323449,-0.563387044653518,-0.516936931059843
"CGGA_1769",-0.533970357091926,0.407937433087606,0.324551568597431,0.366272473352243
"CGGA_1770",0.0423865703008747,0.565505168523941,0.026242992210317,0.249092749324968
"CGGA_1771",-0.801548834968911,-0.259878248971198,-0.378964632647652,-0.475253597667523
"CGGA_1773",0.403573372868656,0.311545533784258,0.130055123945328,-0.0541165365826186
"CGGA_1776",-0.301700782622576,0.0777316536191291,0.0650988883732392,0.1022601045342
"CGGA_1780",-0.312293271722663,-0.707318830052307,-0.556823872516191,-0.506341472255509
"CGGA_1785",-0.268076346106775,0.315657719705252,-0.235602821902494,-0.484366849108765
"CGGA_1786",-0.766381249006168,-0.566147742928966,-0.526012814714813,-0.571957258466812
"CGGA_1791",-0.359798252303406,-0.582999494247773,-0.556618554487991,-0.387998810580377
"CGGA_1807",-0.270605899157078,0.163533124401785,-0.294934738590021,-0.427209111192287
"CGGA_1809",-0.449557733126338,0.367954141195353,-0.114173805284566,-0.329554625687975
"CGGA_1811",0.746633045926085,0.46890460414779,0.558861553283875,0.423796184240799
"CGGA_1812",0.554023077316947,0.477889155196579,0.41415236725296,0.265417514216679
"CGGA_1814",0.243751631624397,0.407764367577642,0.463220226273789,0.321995823264195
"CGGA_1815",0.119206123074052,0.496189091816423,0.337854133749251,0.398372036881944
"CGGA_1817",0.503655287316073,0.618493940098496,0.515946212502144,0.2030776985184
"CGGA_1819",0.168532972663389,0.342937037558105,0.153144327621145,-0.173722983057758
"CGGA_1820",0.0461748970773141,0.289433579234165,-0.0894040475729773,-0.305431534047469
"CGGA_1826",0.234181267813002,0.563204223131574,0.4538298545513,0.350207235566938
"CGGA_1829",-0.103794582911453,0.567141415617752,0.344826163379209,-0.0543540245876653
"CGGA_1833",0.207374471364016,0.325733220569638,0.228521788402981,0.309560624374927
"CGGA_1840",-0.0115412902125517,0.0694634896275487,0.318546903105741,-0.0371464253544679
"CGGA_1850",-0.441484876279455,0.371838063362585,0.239548023381709,0.335893476416879
"CGGA_1854",0.0716423756164147,0.615827581032685,0.485717136958052,0.305398673549842
"CGGA_1857",0.739314753445352,0.294128152372705,0.497818703223276,0.0778929673236861
"CGGA_1862",0.119764446905416,-0.0445261417950945,-0.0654593754486045,0.0690672882562106
"CGGA_1863",-0.588536385312486,-0.510898303630805,-0.532500622389098,-0.665368712568446
"CGGA_1865",0.198013573702435,-0.0769322410188173,0.0548483445501222,0.32798516177524
"CGGA_1866",-0.219515651344086,0.382788522227426,-0.0893704596754767,-0.239948887856241
"CGGA_1870",-0.682022009755988,-0.482288974714354,-0.484369622862198,-0.5379239118133
"CGGA_1875",0.516650388637333,0.352768750206331,0.255015136108744,0.0996097374145283
"CGGA_1877",-0.666151937349023,-0.532302246503484,-0.565859689346251,-0.565076755639861
"CGGA_1880",-0.60391507879836,-0.248033544538128,-0.357447450000137,-0.505444036433533
"CGGA_1882",-0.503006805342766,-0.472600298487113,-0.514516457140884,-0.583285269707467
"CGGA_1886",-0.0121538682681016,-0.0194012606379457,-0.261006767901506,-0.404086734268651
"CGGA_1899",0.409580407002572,-0.0327653346590537,0.139075186727854,-0.348665437434192
"CGGA_1901",0.604402713841952,-0.0363068762919248,0.197280995158921,-0.0644041260517285
"CGGA_1902",-0.470168115172471,-0.547733277096927,-0.49499215617903,-0.474792268392999
"CGGA_1903",-0.740696688979721,-0.725814494095181,-0.671895481444045,-0.741863865852126
"CGGA_1906",0.420042684738375,0.130979427116308,-0.0173134680794045,-0.158762553750674
"CGGA_1908",0.534563106381585,0.424939145283965,0.316088693904693,-0.0331655283206928
"CGGA_1911",0.261385602864852,-0.57520751784839,-0.408748120946981,-0.339926803350389
"CGGA_1912",-0.370638253655065,-0.680524917184842,-0.641013254360893,-0.677467393824336
"CGGA_1916",-0.562252113271882,-0.474642089358024,-0.436371514418156,-0.446511961213634
"CGGA_1939",-0.493555875180969,-0.665716018168071,-0.666446588312251,-0.699260667611859
"CGGA_194",-0.650698322127702,0.0588401708675042,-0.258107381138414,-0.238732728173534
"CGGA_1946",0.628355184080702,0.519202585387349,0.0831362412066007,-0.262135925804204
"CGGA_1953",0.643217236132406,-0.266642478324789,-0.137993224628713,-0.472844868002548
"CGGA_1955",-0.403447272794612,-0.341195672648661,-0.394864287213103,-0.655925674326247
"CGGA_1972",0.736068817585972,0.0943490213376688,0.402349970224407,0.202906175435533
"CGGA_1976",0.64612698641379,0.259461825790459,-0.0941491215388049,-0.354018996764446
"CGGA_1985",0.0346141777201962,0.0298823581976849,-0.329779322175169,-0.555974119273737
"CGGA_1994",-0.630744658011367,-0.42009277005086,-0.405791995534486,-0.525238694759009
"CGGA_2002",-0.278438585896294,0.387459310175679,0.377364580424039,0.253705295946197
"CGGA_2003",0.614091728720893,0.18634974704226,0.474938198667228,0.00137310693967446
"CGGA_2006",0.773428629578002,0.591669204129917,0.341353213707588,0.456879156220423
"CGGA_2008",0.761775384638689,0.295943472228905,0.428267084793748,-0.0259168815952355
"CGGA_2013",0.236937612779214,-0.384166066313248,-0.177483069361909,-0.580355110204095
"CGGA_2024",-0.592365718373675,0.17357746262653,0.0120218490718525,-0.48775704609424
"CGGA_2038",0.70341826755218,-0.151820176469059,0.23285418811312,-0.0421246698011722
"CGGA_2039",-0.373650913544027,0.208675915833517,0.080679201658679,-0.512808115938894
"CGGA_2046",0.750503680154103,0.559254951980996,0.543118664790638,0.381064633734052
"CGGA_2047",0.718610208761244,0.637923281132539,0.619391321578099,0.354517183257417
"CGGA_2053",-0.373233277602849,-0.0305084308902424,-0.0564243162335519,-0.591102734912679
"CGGA_2056",0.645673403611626,0.123785794805784,0.337049318072018,-0.0802953128766558
"CGGA_2062",0.665849232948063,0.642816012002749,0.520832333496767,0.154560376392659
"CGGA_2075",0.74624947564147,-0.00126682174288772,0.307440273576991,-0.0926089183616402
"CGGA_2078",0.749510336715928,0.486994326449846,0.547939809075798,0.348812998856208
"CGGA_2079",-0.167655261071944,0.186686029043213,-0.176524652404821,-0.193271381139071
"CGGA_2081",-0.581268261337673,-0.464436016629821,-0.388284835678299,-0.249822630464651
"CGGA_2082",0.741546989643319,0.542534832056183,0.547558740069446,0.483218644827447
"CGGA_2088",0.817361314990049,0.376011102911372,0.527596446167685,0.404651323502406
"CGGA_2106",0.00820684825604384,-0.376686208847857,-0.49873200441211,-0.541630524254856
"CGGA_2115",0.151005599734605,-0.0445849949533521,-0.0804721038682562,-0.46318343196359
"CGGA_2121",0.788416225865719,0.530744139496315,0.503108647945967,0.229167656016375
"CGGA_2129",0.340678346511423,0.361439115739305,0.00623160779116494,-0.313555628971996
"CGGA_265",-0.216819793865273,0.336968507786575,0.390813673373021,0.309905005871541
"CGGA_279",0.289226520324338,0.43687661886617,0.287113647772172,-0.287620414042116
"CGGA_28",-0.637089630083587,-0.686694135399118,-0.590045738032952,-0.599088331093062
"CGGA_288",0.614664871613644,0.530254905603259,0.544622749829281,0.138134596920529
"CGGA_290",-0.376205371571058,0.422452109679164,0.391665942672673,0.542833882052196
"CGGA_320",-0.642060912217552,0.398184273709712,0.41747034862853,0.476204650996446
"CGGA_336",-0.381262874120252,0.0329683079791174,-0.222814531787903,-0.219444945760086
"CGGA_358",0.373901733002254,-0.0543917696194976,0.270453259343678,-0.234631007831845
"CGGA_362",0.633740455150704,0.518648760696968,0.547930551752928,0.569686671978066
"CGGA_369",-0.481269747099521,0.0746944541807143,0.192866158986979,-0.511728671973239
"CGGA_406",-0.544077703740048,0.00938154745568054,-0.210736014386335,-0.188650399573255
"CGGA_42",-0.144376762099126,-0.193188843875418,0.0935128166713798,0.455452754341672
"CGGA_420",-0.520106212908574,0.0435068193076945,-0.417090362192931,-0.177609699564928
"CGGA_457",-0.485157214260656,0.158480315804382,-0.474711917554809,-0.579816410471492
"CGGA_474",-0.0627082934725395,-0.141238952406957,-0.452811525543221,-0.528134646318173
"CGGA_482",-0.299592460581516,-0.209013143021662,0.235155903771736,0.478934737141086
"CGGA_487",0.586556566308649,0.723739495798446,0.559237055745893,0.683837178807492
"CGGA_492",0.685367215602278,0.61086501300559,0.525780656546918,0.532491196533944
"CGGA_503",-0.572190176692836,0.430149591050562,0.519582676771081,0.503857606410095
"CGGA_507",-0.588574610949807,0.523227064788859,0.106620651253854,-0.300638751036987
"CGGA_509",-0.208920459655231,-0.0379189244590371,-0.430372192849904,-0.456800803515475
"CGGA_521",-0.263556791051192,0.446313550263911,0.403194609538904,0.579481239165426
"CGGA_530",0.54680253825863,0.519745170812515,0.475114518066015,0.553411009425017
"CGGA_554",-0.435959763164384,-0.224312118995394,-0.282077945650099,-0.702369051610278
"CGGA_568",0.626873803581199,0.274316353973255,0.346532768338528,-0.331958402407386
"CGGA_583",-0.688988682257135,-0.708725139347171,-0.609896344036132,-0.596492861237099
"CGGA_619",-0.281777162762653,0.012594104822548,0.00401337534552057,-0.160769062179716
"CGGA_621",-0.165541607949981,-0.249528590660324,-0.389046889115266,-0.563276178879329
"CGGA_625",-0.454689325007457,-0.389994015827429,-0.258017684699397,-0.473016389977018
"CGGA_634",-0.76662986499399,0.355626820231483,0.275384262643696,-0.0455983641931602
"CGGA_652",-0.404265215209722,0.290246933288951,0.364752682245272,0.157120611413537
"CGGA_663",-0.615656037535818,-0.0738150256731755,-0.117932620807837,0.236045393624242
"CGGA_703",0.696925853082949,0.472525152581888,0.427792007766599,0.215449750418093
"CGGA_705",0.171715488599697,0.339020110952505,0.0861224993978351,0.430330061573356
"CGGA_707",-0.665284926502118,0.236953488930124,0.0202334357923525,0.245438384166682
"CGGA_720",-0.588826968808825,-0.368407353858628,-0.420823782420836,-0.493161483304996
"CGGA_721",-0.331458422155078,0.612408292034871,0.554621822460161,0.613659552140977
"CGGA_724",-0.49188030675918,-0.353210262654888,-0.195500540071278,-0.411812002750843
"CGGA_730",-0.0391881464801385,0.328544487227195,0.455044332851752,0.339328812157139
"CGGA_763",-0.504340311796566,0.0462363370926434,0.115982377323827,0.22846150188164
"CGGA_777",0.692744976641925,0.65559938482181,0.593176367987723,0.6635104875353
"CGGA_780",-0.338123743000129,0.110184003657993,0.301833956509122,0.263027917623969
"CGGA_799",-0.780967601191242,0.0775232374028628,-0.429703163593132,-0.439411043275695
"CGGA_809",-0.615681024303603,0.518863728689012,0.208756852251072,0.431148654742124
"CGGA_810",0.709550709158406,0.56888016395998,0.457561523167298,0.270813241519505
"CGGA_825",-0.179152415656756,0.481662159028133,0.432562240081786,0.230368208904082
"CGGA_831",0.631218850236042,0.324859420176309,-0.0107960098080068,0.218767648108853
"CGGA_846",0.316314337809703,0.628976590636536,0.499120055311114,0.318845358962909
"CGGA_852",-0.131391397358481,0.350901873284113,0.458825676177372,0.606335229185699
"CGGA_861",0.35445670546037,0.577805023366698,0.571329517201599,0.651777794640668
"CGGA_862",-0.534622174631059,0.0239514593062872,-0.0450744104226661,-0.0437946652041244
"CGGA_863",-0.457586766438492,0.53772047531434,0.323968026418341,0.553518025724118
"CGGA_867",0.539331495358912,0.555879520328446,0.524143130511648,0.446413241090083
"CGGA_869",0.716734701615886,0.0215901364453788,0.192286049842563,-0.220919216104714
"CGGA_881",0.464143160310616,0.250451148733327,0.17151687530192,0.422824595248904
"CGGA_882",-0.723025088748292,0.242239509474675,0.133334243501515,0.177976996040242
"CGGA_883",-0.516484458092487,0.23276751921424,0.0911836569515038,-0.0188246141185916
"CGGA_887",-0.278631709499836,0.552674540977558,0.407035979438127,-0.267896661928161
"CGGA_888",-0.336149142600521,-0.226890351583329,-0.298895352588814,0.00708940097813412
"CGGA_889",-0.737236774226874,-0.405803105837154,-0.357347301294591,-0.316677757309821
"CGGA_890",-0.766792889409833,-0.0309263278062554,-0.242678616827932,-0.0414080603184153
"CGGA_901",-0.567384141007474,0.380606943929425,0.333516621649869,0.327288179669495
"CGGA_903",-0.467190320088744,0.298980304721759,0.497678338112025,0.650682029774785
"CGGA_D19",-0.681544264269828,-0.108969493782821,-0.403129068641068,-0.181600002105653
"CGGA_D28",-0.72613262884764,0.436701319818701,0.0114113590117402,0.310451465499838
"CGGA_D49",-0.429454012553921,0.191000940107478,-0.0768526176835999,0.163983466576297
"CGGA_D50",-0.495658523320912,-0.0567157230244181,-0.248450633752699,0.36403151615599
"CGGA_D53",-0.368910380728603,-0.112999053759524,-0.446885366576998,-0.570345382885367
"CGGA_J50",-0.732111798612662,0.162750366339564,-0.0435739180622517,0.150456909026409
"CGGA_J73",-0.816796603224664,-0.354249814274997,-0.550114294939932,-0.493231978482424
"CGGA_P100",0.277630869610775,0.124509379309024,-0.287463930033995,-0.404372613601908
"CGGA_P102",0.165366261496971,0.532711256723178,0.0245752286162639,-0.285079847841733
"CGGA_P103",-0.772995830361685,-0.00988110080280075,-0.127192105925176,0.251850794999829
"CGGA_P104",-0.412529164711653,-0.618294966774813,-0.611208058585619,-0.488961366883356
"CGGA_P106",0.00778126826955364,0.0246387253898238,-0.119729049470775,-0.289771458436422
"CGGA_P107",-0.413981305682831,0.487407734702015,0.386593106117052,0.45854195528875
"CGGA_P108",-0.504230270233909,0.217374587214745,0.0255911655539339,0.446691976464595
"CGGA_P109",0.24234988586831,0.390295599354018,-0.0303182177046434,-0.368204789597461
"CGGA_P11",-0.436642330260978,-0.30997299869067,-0.290059601366645,-0.511632736258501
"CGGA_P110",0.243620933360712,0.310871901725177,0.150006267425478,0.167882964890985
"CGGA_P111",-0.382561283773471,0.176607538054889,0.114218523423819,0.49720842816826
"CGGA_P112",-0.447940103102603,0.434641196140129,0.487894551972057,0.506333677784456
"CGGA_P113",-0.55660788761515,-0.220228593691089,-0.167027256690877,0.0949848944309655
"CGGA_P114",-0.656870403941144,0.4041518903636,0.135246715529814,0.288926250408059
"CGGA_P115",-0.107376083562735,-0.514534912005635,-0.493260889656502,-0.356401509260175
"CGGA_P116",-0.418595822047709,-0.661386476544086,-0.654867571395262,-0.631313133646453
"CGGA_P121",-0.244973271168302,-0.476644875619829,-0.201183379408526,-0.475907520496616
"CGGA_P122",-0.424058332772349,0.343701878989684,0.127647526624221,0.337858924732544
"CGGA_P128",-0.543639354271625,0.114256651932853,0.175625278767324,0.382373531997006
"CGGA_P13",-0.711993250529709,-0.00593512864827206,-0.186509337127113,0.120033041855801
"CGGA_P131",-0.437111206334763,0.29002905994371,-0.171318224058722,0.36927772015657
"CGGA_P132",-0.176326725622382,0.0661335897312293,0.0144828220993632,0.547269710894148
"CGGA_P136",-0.542248809672547,-0.757121548554595,-0.610187696439899,-0.600477924127588
"CGGA_P137",-0.526666363071886,0.336997620365683,0.403775311190833,0.530014595476161
"CGGA_P142",0.0502378928614649,0.0786766878869734,0.402747580005395,0.525086755948761
"CGGA_P143",0.740973284393664,0.486887461258773,0.51761426217646,0.551882774508385
"CGGA_P144",-0.244376259846945,0.43287308517557,0.390133272738672,0.548514207764812
"CGGA_P145",-0.0507161791827073,0.272578971439211,0.367198389644978,0.270691160674293
"CGGA_P146",-0.485069499607609,0.120162779518668,0.0841025544338616,0.47621151618779
"CGGA_P147",0.588345764990314,0.694852941176808,0.542883943367196,0.531467783675354
"CGGA_P15",-0.48049892799924,-0.319336348948071,-0.30323472928146,-0.0823572315710581
"CGGA_P150",-0.413110719571127,0.477746066738406,0.439166433276623,0.620279666707209
"CGGA_P151",-0.567796453297249,-0.0896670975848577,-0.137469062909459,-0.425368886106961
"CGGA_P153",-0.710764863757352,-0.637737654642628,-0.538144462030687,-0.523521709866128
"CGGA_P154",-0.621431730927173,-0.690257352939804,-0.694365008053533,-0.607185118483299
"CGGA_P155",-0.526432374931353,0.233272279055634,0.237439485653279,0.397826598689466
"CGGA_P156",-0.596712700911736,0.486826388738101,0.391465572253627,0.541222800131261
"CGGA_P157",0.271941904785304,0.472810002611317,0.301886445491293,0.609641551392448
"CGGA_P158",-0.767371886959155,-0.709216099391012,-0.614668629011395,-0.530825779138809
"CGGA_P159",0.425630833234528,0.106800869951285,0.334521659570101,0.56738091141199
"CGGA_P16",-0.525951499756163,0.381091023916772,0.0670569952327575,0.203800358922365
"CGGA_P160",0.628534005065325,0.800570228091471,0.712648754328304,0.715088353845018
"CGGA_P163",0.511080694470558,0.389210092941646,0.486841257702922,0.66367227127247
"CGGA_P164",-0.190455484842697,-0.438512018506054,-0.463125438156447,-0.529093489775051
"CGGA_P165",-0.735841697885074,-0.653183308569922,-0.648128802539895,-0.626367241011716
"CGGA_P17",-0.457808573051656,0.174787873460289,0.354962499853479,0.572873066706927
"CGGA_P172",-0.722783022522786,-0.557844858063666,-0.554213645316882,-0.513681387719051
"CGGA_P173",0.422453653509238,0.41221373412424,0.439424474562944,0.760335684494696
"CGGA_P174",-0.435549419177948,0.411011870360779,0.401288501951951,0.599123979029259
"CGGA_P175",-0.256999269322511,-0.414195980376255,-0.316187626958961,-0.194948947206165
"CGGA_P176",-0.661769029455597,0.255671180708001,0.0918022921791312,0.37715041962617
"CGGA_P177",-0.0920976570582965,0.328819500040085,0.34637537907936,0.566858397661571
"CGGA_P178",-0.548848534844648,-0.731017406961436,-0.568076778661665,-0.564008416046879
"CGGA_P179",-0.699918492535495,-0.0750496870998719,-0.108328475926571,0.451132042030791
"CGGA_P18",-0.0426398844159862,0.685605492197166,0.527486232946722,0.485361692447783
"CGGA_P180",-0.428614875320559,-0.453462542641878,-0.542027636145335,-0.465097827985333
"CGGA_P181",-0.139166419442565,0.477191390424914,0.589905761920516,0.705460175862086
"CGGA_P182",0.721432250555398,0.780903339171192,0.689860645019334,0.731196725523132
"CGGA_P183",-0.798093270044632,-0.0117293029679791,-0.28081686337523,0.0158855216706105
"CGGA_P185",0.103797962689286,0.590583186093056,0.254521936627589,0.590619686780478
"CGGA_P19",-0.300517592879611,0.419214057703766,0.482383071029424,0.666363875127705
"CGGA_P199",0.24689327308995,-0.12654459117788,-0.368738320142604,-0.52995086560813
"CGGA_P20",-0.769614863824483,0.0459694037417739,-0.342107524063727,0.162029262892342
"CGGA_P205",-0.230539350933072,-0.600738875121553,-0.56772023423074,-0.526462908303177
"CGGA_P21",0.0873476864296234,-0.145239928952663,-0.267559392668699,-0.29525291425635
"CGGA_P22",0.231539502678371,0.270580067788313,0.143402684883143,0.140978744478407
"CGGA_P23",-0.208520022244555,-0.499210880700923,-0.498617515954494,-0.373869757030732
"CGGA_P25",-0.0341037378658175,-0.2770735508315,-0.363866850486611,-0.232374227373206
"CGGA_P265",-0.416268852012626,-0.412522728511573,-0.471669845980644,-0.461312708549151
"CGGA_P266",-0.617504987701712,-0.682609583166744,-0.619576010272577,-0.63687002597512
"CGGA_P269",-0.102910857868498,-0.230285418100911,-0.388169063978869,-0.543633210711028
"CGGA_P27",-0.666555514409417,0.110561054609988,0.0849483051813573,0.413843579318052
"CGGA_P270",-0.43681427558269,0.3328018641275,0.296162574323454,0.580071510590005
"CGGA_P271",-0.707696973214971,-0.623883902997388,-0.621055606711483,-0.502640160065116
"CGGA_P279",-0.655495421087783,-0.569243354873524,-0.552776670893076,-0.632191462956579
"CGGA_P28",0.490484507881703,0.565932412722687,0.456343965175025,0.433479847818083
"CGGA_P280",-0.113468389537542,0.140488299545289,0.158637271815285,-0.42121728291568
"CGGA_P283",0.32207478967497,-0.309119786104862,-0.103122169273819,-0.00897953914531929
"CGGA_P286",-0.588543004285565,-0.0886880785301028,-0.514363883880759,-0.502188429256466
"CGGA_P29",-0.689777499758921,-0.597133686412926,-0.612607511947314,-0.612156897484371
"CGGA_P295",0.263919121565183,-0.173961582059063,0.037645832313883,-0.235688936852754
"CGGA_P298",-0.466569803290615,-0.00946711317416363,-0.240712379933858,-0.393037192517188
"CGGA_P3",-0.656290351533038,-0.504927614132004,-0.602018958957669,-0.655854755674075
"CGGA_P30",0.345912135821503,0.115249421089383,-0.391481411747773,-0.252171169319327
"CGGA_P306",-0.755888945570661,-0.402216998592857,-0.427821899881598,-0.409445356504494
"CGGA_P308",-0.436658535251816,-0.428943987134492,-0.308739481416638,-0.53429366813835
"CGGA_P31",0.56270183562037,0.349674055828153,0.186106635409398,-0.344604453954549
"CGGA_P310",-0.413281898185241,-0.625452647556433,-0.610468541362684,-0.606263060944142
"CGGA_P311",0.556530472831367,0.0731208758765559,-0.0637322714135714,-0.190220946874311
"CGGA_P314",-0.371749231287745,-0.555376729391649,-0.551457290700606,-0.664736192764051
"CGGA_P315",-0.562568762921281,-0.473187518411025,-0.46073336542618,-0.536127780075809
"CGGA_P316",-0.477781987377806,-0.652101395432665,-0.635496659957352,-0.629269111408082
"CGGA_P319",0.374061096519987,0.328205724432953,0.067122547940588,-0.0641706292706455
"CGGA_P326",-0.437670326443033,0.222294021710642,0.198907605654805,-0.0132222008764394
"CGGA_P328",0.295573820741932,0.601009073630037,0.569902559897221,0.526795378302596
"CGGA_P335",-0.162998179791465,-0.533658726221325,-0.448655617272993,-0.696186940531099
"CGGA_P337",0.703338869004475,0.406198988738312,0.471628262060659,0.496216381063495
"CGGA_P338",0.694433742484481,0.0605225465231407,0.433221150644879,0.369490501585335
"CGGA_P346",0.556198492363255,-0.129499699563521,-0.0613170478306526,-0.397391844070566
"CGGA_P356",-0.0456412964116016,-0.638679709589938,-0.563007473453024,-0.607681860033294
"CGGA_P358",0.510485584019137,0.339998606340329,0.381839909761036,0.234467629727501
"CGGA_P364",0.698157835062265,0.482093145336213,0.416462209428659,0.0181212779938766
"CGGA_P385",-0.215423776711918,-0.311614462676735,-0.116185625131905,-0.420355947760013
"CGGA_P388",0.428061796982119,0.236150173516823,0.27862318744219,0.311640166166888
"CGGA_P392",-0.364143949310503,0.394270627982805,0.276730380730865,0.197500690478995
"CGGA_P399",-0.740188122162073,-0.0317145610036535,-0.218910731060871,-0.0634633892561295
"CGGA_P401",0.707897537791109,0.502134455833485,0.462620963077472,0.32933033867316
"CGGA_P411",0.442129304777585,0.0679760318333552,0.332148593198097,0.158741437365583
"CGGA_P415",0.785685847668743,0.697158018423349,0.601197749148771,0.235345385822893
"CGGA_P416",-0.503467258476232,-0.0412156164119274,0.179823621976194,0.181498414863883
"CGGA_P421",0.646499762926763,0.359149568780634,0.344227120267194,0.00817052547633659
"CGGA_P422",-0.405041567288196,0.142494471912532,0.0683081549588626,0.137809093748124
"CGGA_P437",-0.207292508739252,-0.0144837218527785,-0.126600195328052,-0.10897284316528
"CGGA_P438",0.470313820347611,0.458460362836428,0.472300813313548,0.340774079320075
"CGGA_P439",0.647142360254408,0.610315778098475,0.574190385023375,0.428564519456704
"CGGA_P446",-0.630155392517413,-0.235189365048119,-0.418771110738618,-0.356941775769803
"CGGA_P461",0.45086604516202,0.434128004075241,0.472642570267495,0.141226979814567
"CGGA_P468",-0.214822342506982,-0.23669695439284,-0.351240768910564,-0.436369485177133
"CGGA_P483",0.620065080747669,0.514621051424861,0.515002447438541,0.453164891345506
"CGGA_P492",-0.373566910996576,-0.0409479032678244,0.160240467111741,-0.00887540610744275
"CGGA_P499",0.79900939944819,0.496817587577469,0.613637531457292,0.471797895428037
"CGGA_P5",0.572096474463593,0.802105679677896,0.634916155373828,0.651736228344896
"CGGA_P500",-0.428593373863006,0.200422359439442,0.383822739915349,0.39229512432122
"CGGA_P501",0.405323631988765,0.46412837167871,0.533494108850653,0.597687964362609
"CGGA_P505",-0.214618880759345,0.146365236376127,0.343998884722786,0.246530389897737
"CGGA_P508",-0.230768578309248,0.115886379699475,0.148348572335105,0.101733080548633
"CGGA_P510",0.799972156489575,0.72357452394488,0.690826994537958,0.631892893491524
"CGGA_P512",0.498389723225096,0.554060843995462,0.466000439462835,0.593544163298733
"CGGA_P520",0.319292523596586,0.26204025801478,0.0808967036180922,0.0429321658164672
"CGGA_P568",0.0574802248750338,-0.19855427830059,-0.100026029623668,-0.182943783896968
"CGGA_P585",0.735616226151031,0.681327677427563,0.525412850879866,0.435830758525559
"CGGA_P594",0.638994220747134,0.674763655462447,0.546457638576185,0.591342624128119
"CGGA_P596",0.156333983519264,-0.14109316108568,-0.217693463185807,-0.665682113693953
"CGGA_P604",0.185851947755804,0.489452052259949,0.30365868799054,0.301737903925836
"CGGA_P609",0.100195169085081,-0.049730741272655,0.018072713840358,-0.462582360894609
"CGGA_P610",0.106046203120601,-0.431688746552939,-0.330125895121075,-0.554041020475464
"CGGA_P615",-0.39301193589809,0.250242946309048,0.211033999768411,0.132993322074954
"CGGA_P619",0.722648254059153,0.653539013610664,0.65975583596231,0.594231626031471
"CGGA_P623",0.709367778767489,0.541015834909666,0.593256280606815,0.731912773881508
"CGGA_P625",0.719583509491785,0.673613323733517,0.628086783075334,0.606591192551136
"CGGA_P633",0.555349962482344,0.322707479217424,0.531936885517326,0.562491298266379
"CGGA_P7",0.814629181474964,0.784209566401678,0.650787167979148,0.691878210782821
"CGGA_P83",0.360862993172166,0.52695884154209,0.274443700881729,0.386444783492057
"CGGA_P84",-0.487973906440023,0.279848935043771,-0.00472372462712964,0.593993729311911
"CGGA_P86",-0.55341817295816,-0.0268945883909478,-0.337928305566579,0.232151843249845
"CGGA_P87",0.158336740965293,-0.0987832054827523,-0.279320701064578,-0.390847374640625
"CGGA_P89",0.596379007976407,0.675436940967689,0.605170651935537,0.637927645202585
"CGGA_P93",-0.342909011461955,0.442062767849933,0.540911233259355,0.698262888719829
"CGGA_P98",-0.255203676527948,0.00237324046931345,0.139317834283566,-0.140778794926116
"CGGA_P99",-0.348119185633359,0.381191957263476,0.0409852113133652,-0.272986746718407
